Rk,Wk,Date,Time,Day,Winner/Tie,Pts,,Loser/Tie,Pts,TV,Notes,
1,1,Aug 27 2014,7:00 PM,Wed,Georgia State,38,,Abilene Christian,37,ESPN U,,
2,1,Aug 28 2014,7:00 PM,Thu,Akron,41,,Howard,0,ESPN3.com,,
3,1,Aug 28 2014,10:30 PM,Thu,(19) Arizona State,45,,Weber State,14,Pac-12 Network,,
4,1,Aug 28 2014,7:00 PM,Thu,Central Michigan,20,,Chattanooga,16,ESPN3.com,,
5,1,Aug 28 2014,7:02 PM,Thu,Louisiana-Monroe,17,,Wake Forest,10,ESPN U,,
6,1,Aug 28 2014,7:00 PM,Thu,Minnesota,42,,Eastern Illinois,20,Big Ten Network,,
7,1,Aug 28 2014,8:00 PM,Thu,(18) Mississippi,35,,Boise State,13,ESPN,Georgia Dome - Atlanta GA,
8,1,Aug 28 2014,8:00 PM,Thu,New Mexico State,28,,Cal Poly,10,ESPN3.com,,
9,1,Aug 28 2014,7:00 PM,Thu,Northern Illinois,55,,Presbyterian,3,ESPN3.com,,
10,1,Aug 28 2014,10:00 PM,Thu,Rutgers,41,,Washington State,38,FS1,CenturyLink Field - Seattle WA,
11,1,Aug 28 2014,10:00 PM,Thu,San Jose State,42,,North Dakota,10,ESPN3.com,,
12,1,Aug 28 2014,10:50 PM,Thu,Temple,37,@,Vanderbilt,7,SEC Network,,
13,1,Aug 28 2014,6:00 PM,Thu,(21) Texas A&M,52,@,(9) South Carolina,28,SEC Network,,
14,1,Aug 28 2014,8:00 PM,Thu,Tulsa,38,,Tulane,31,CBSSN,,
15,1,Aug 28 2014,7:30 PM,Thu,Utah,56,,Idaho State,14,Pac-12 Network,,
16,1,Aug 29 2014,10:30 PM,Fri,Arizona,58,,Nevada-Las Vegas,13,ESPN,,
17,1,Aug 29 2014,7:00 PM,Fri,Brigham Young,35,@,Connecticut,10,ESPN,,
18,1,Aug 29 2014,9:00 PM,Fri,Colorado State,31,,Colorado,17,FS1,Sports Authority Field at Mile High Stadium - Denver CO,
19,1,Aug 29 2014,7:30 PM,Fri,(8) Michigan State,45,,Jacksonville State,7,Big Ten Network,,
20,1,Aug 29 2014,7:30 PM,Fri,Syracuse,27,,Villanova,26,ESPN3.com,,
21,1,Aug 29 2014,9:00 PM,Fri,Texas-San Antonio,27,@,Houston,7,ESPN U,,
22,1,Aug 29 2014,7:30 PM,Fri,Western Kentucky,59,,Bowling Green State,31,CBSSN,,
23,1,Aug 30 2014,2:00 PM,Sat,Air Force,44,,Nicholls State,16,ESPN3.com,,
24,1,Aug 30 2014,3:30 PM,Sat,(2) Alabama,33,,West Virginia,23,ESPN 2,Georgia Dome - Atlanta GA,
25,1,Aug 30 2014,12:00 PM,Sat,Alabama-Birmingham,48,,Troy,10,FCS,,
26,1,Aug 30 2014,7:00 PM,Sat,Arkansas State,37,,Montana State,10,ESPN3.com,,
27,1,Aug 30 2014,4:00 PM,Sat,(6) Auburn,45,,Arkansas,21,SEC Network,,
28,1,Aug 30 2014,2:00 PM,Sat,Ball State,30,,Colgate,10,ESPN3.com,,
29,1,Aug 30 2014,7:00 PM,Sat,Bethune-Cookman,14,@,Florida International,12,American Sports Net,,
30,1,Aug 30 2014,3:00 PM,Sat,Boston College,30,,Massachusetts,7,ESPN3.com,Gillette Stadium - Foxborough MA,
31,1,Aug 30 2014,3:30 PM,Sat,Buffalo,38,,Duquesne,28,ESPN3.com,,
32,1,Aug 30 2014,3:30 PM,Sat,California,31,@,Northwestern,24,ABC (ESPN 2 mirror),,
33,1,Aug 30 2014,6:00 PM,Sat,Duke,52,,Elon,13,ESPN3.com,,
34,1,Aug 30 2014,8:00 PM,Sat,East Carolina,52,,North Carolina Central,7,ESPNews,,
35,1,Aug 30 2014,6:00 PM,Sat,Eastern Michigan,31,,Morgan State,28,ESPN3.com,,
36,1,Aug 30 2014,8:00 PM,Sat,(1) Florida State,37,,Oklahoma State,31,ABC,AT&T Stadium - Arlington TX,
37,1,Aug 30 2014,5:30 PM,Sat,(12) Georgia,45,,(16) Clemson,21,ESPN,,
38,1,Aug 30 2014,12:30 PM,Sat,Georgia Tech,38,,Wofford,19,RSN ESPN3.com,,
39,1,Aug 30 2014,9:50 PM,Sat,Idaho,,@,Florida,,ESPN U,Postponed,
40,1,Aug 30 2014,12:00 PM,Sat,Illinois,28,,Youngstown State,17,Big Ten Network,,
41,1,Aug 30 2014,12:00 PM,Sat,Indiana,28,,Indiana State,10,ESPNews,,
42,1,Aug 30 2014,12:00 PM,Sat,Iowa,31,,Northern Iowa,23,Big Ten Network,,
43,1,Aug 30 2014,7:10 PM,Sat,(20) Kansas State,55,,Stephen F. Austin,16,K-StateHD.tv,,
44,1,Aug 30 2014,12:00 PM,Sat,Kentucky,59,,Tennessee-Martin,14,SEC Network,,
45,1,Aug 30 2014,9:15 PM,Sat,(13) Louisiana State,28,,(14) Wisconsin,24,ESPN,NRG Stadium - Houston TX,
46,1,Aug 30 2014,7:00 PM,Sat,Louisiana-Lafayette,45,,Southern,6,ESPN3.com,,
47,1,Aug 30 2014,3:30 PM,Sat,Marshall,42,@,Miami (OH),27,ESPN3.com,,
48,1,Aug 30 2014,3:30 PM,Sat,Maryland,52,,James Madison,7,Big Ten Network,,
49,1,Aug 30 2014,7:00 PM,Sat,Memphis,63,,Austin Peay,0,ESPN3.com,,
50,1,Aug 30 2014,12:00 PM,Sat,Michigan,52,,Appalachian State,14,ESPN 2,,
51,1,Aug 30 2014,7:00 PM,Sat,Middle Tennessee State,61,,Savannah State,7,,,
52,1,Aug 30 2014,7:30 PM,Sat,Mississippi State,49,,Southern Mississippi,0,SEC Network,,
53,1,Aug 30 2014,3:30 PM,Sat,(24) Missouri,38,,South Dakota State,18,ESPN U,,
54,1,Aug 30 2014,3:30 PM,Sat,(22) Nebraska,55,,Florida Atlantic,7,Big Ten Network,,
55,1,Aug 30 2014,3:00 PM,Sat,Nevada,28,,Southern Utah,19,,,
56,1,Aug 30 2014,6:00 PM,Sat,(23) North Carolina,56,,Liberty,29,ESPN3.com,,
57,1,Aug 30 2014,12:30 PM,Sat,North Carolina State,24,,Georgia Southern,23,ACC Network ESPN3.com,,
58,1,Aug 30 2014,12:00 PM,Sat,North Dakota State,34,@,Iowa State,14,FS1,,
59,1,Aug 30 2014,3:30 PM,Sat,(17) Notre Dame,48,,Rice,17,NBC,,
60,1,Aug 30 2014,6:00 PM,Sat,Ohio,17,@,Kent State,14,ESPN3.com,,
61,1,Aug 30 2014,12:00 PM,Sat,(5) Ohio State,34,,Navy,17,CBSSN,M&T Bank Stadium - Baltimore MD,
62,1,Aug 30 2014,7:00 PM,Sat,(4) Oklahoma,48,,Louisiana Tech,16,FSN-OK (PPV),,
63,1,Aug 30 2014,3:30 PM,Sat,Old Dominion,41,,Hampton,28,American Sports Network,,
64,1,Aug 30 2014,10:30 PM,Sat,(3) Oregon,62,,South Dakota,13,Pac-12 Network,,
65,1,Aug 30 2014,4:00 PM,Sat,Oregon State,29,,Portland State,14,Pac-12 Network,,
66,1,Aug 30 2014,8:30 AM,Sat,Penn State,26,,Central Florida,24,ESPN 2,Croke Park Stadium - Dublin Ireland,
67,1,Aug 30 2014,12:00 PM,Sat,Pittsburgh,62,,Delaware,0,ESPN3.com,,
68,1,Aug 30 2014,12:00 PM,Sat,Purdue,43,,Western Michigan,34,ESPN U,,
69,1,Aug 30 2014,7:00 PM,Sat,San Diego State,38,,Northern Arizona,7,CBSSN,,
70,1,Aug 30 2014,7:00 PM,Sat,South Florida,36,,Western Carolina,31,ESPN3.com,,
71,1,Aug 30 2014,7:30 PM,Sat,(15) Southern California,52,,Fresno State,13,FOX,,
72,1,Aug 30 2014,4:00 PM,Sat,(11) Stanford,45,,California-Davis,0,Pac-12 Network,,
73,1,Aug 30 2014,8:00 PM,Sat,Texas,38,,North Texas,7,Longhorn Network,,
74,1,Aug 30 2014,7:00 PM,Sat,Texas Christian,48,,Samford,14,FSN,,
75,1,Aug 30 2014,7:00 PM,Sat,Texas State,65,,Arkansas-Pine Bluff,0,ESPN3.com,,
76,1,Aug 30 2014,7:00 PM,Sat,Texas Tech,42,,Central Arkansas,35,FSN,,
77,1,Aug 30 2014,8:00 PM,Sat,Texas-El Paso,31,@,New Mexico,24,Mountain West Network,,
78,1,Aug 30 2014,7:00 PM,Sat,Toledo,54,,New Hampshire,20,ESPN3.com,,
79,1,Aug 30 2014,12:00 PM,Sat,(7) UCLA,28,@,Virginia,20,ESPN,,
80,1,Aug 30 2014,4:00 PM,Sat,Virginia Tech,34,,William & Mary,9,ESPNews,,
81,1,Aug 30 2014,10:30 PM,Sat,(25) Washington,17,@,Hawaii,16,CBSSN,,
82,1,Aug 30 2014,4:00 PM,Sat,Wyoming,17,,Montana,12,ROOT Sports,,
83,1,Aug 31 2014,7:30 PM,Sun,(10) Baylor,45,,Southern Methodist,0,FS1,,
84,1,Aug 31 2014,7:00 PM,Sun,Tennessee,38,,Utah State,7,SEC Network,,
85,1,Sep 1 2014,8:00 PM,Mon,(25) Louisville,31,,Miami (FL),13,ESPN,,
Rk,Wk,Date,Time,Day,Winner/Tie,Pts,,Loser/Tie,Pts,TV,Notes,
86,2,Sep 4 2014,8:00 PM,Thu,Arizona,26,@,Texas-San Antonio,23,FS1,,
87,2,Sep 5 2014,10:30 PM,Fri,Nevada,24,,Washington State,13,ESPN,,
88,2,Sep 5 2014,7:00 PM,Fri,Pittsburgh,30,@,Boston College,20,ESPN,,
89,2,Sep 6 2014,12:00 PM,Sat,(2) Alabama,41,,Florida Atlantic,0,SEC Network,,
90,2,Sep 6 2014,6:00 PM,Sat,Appalachian State,66,,Campbell,0,ESPN3.com,,
91,2,Sep 6 2014,7:00 PM,Sat,(17) Arizona State,58,@,New Mexico,23,CBSSN,,
92,2,Sep 6 2014,4:00 PM,Sat,Arkansas,73,,Nicholls State,7,SEC Network,,
93,2,Sep 6 2014,12:00 PM,Sat,Army,47,,Buffalo,39,CBSSN,,
94,2,Sep 6 2014,7:00 PM,Sat,(5) Auburn,59,,San Jose State,13,ESPN 2,,
95,2,Sep 6 2014,7:45 PM,Sat,(10) Baylor,70,,Northwestern State,6,FSN MSG,,
96,2,Sep 6 2014,10:15 PM,Sat,Boise State,37,,Colorado State,24,ESPN 2,,
97,2,Sep 6 2014,3:30 PM,Sat,Bowling Green State,48,,Virginia Military Institute,7,ESPN3.com,,
98,2,Sep 6 2014,7:30 PM,Sat,Brigham Young,41,@,Texas,7,FS1,,
99,2,Sep 6 2014,3:00 PM,Sat,California,55,,Sacramento State,14,Pac-12 Network,,
100,2,Sep 6 2014,12:00 PM,Sat,Central Michigan,38,@,Purdue,17,ESPNews,,
101,2,Sep 6 2014,12:30 PM,Sat,(23) Clemson,73,,South Carolina State,7,ACC Network ESPN3.com,,
102,2,Sep 6 2014,3:00 PM,Sat,Colorado,41,,Massachusetts,38,ESPN3.com,Gillette Stadium - Foxborough MA,
103,2,Sep 6 2014,12:00 PM,Sat,Connecticut,19,,Stony Brook,16,SNY,,
104,2,Sep 6 2014,7:00 PM,Sat,Duke,34,@,Troy,17,ESPN3.com,,
105,2,Sep 6 2014,3:30 PM,Sat,Eastern Kentucky,17,@,Miami (OH),10,ESPN3.com,,
106,2,Sep 6 2014,4:00 PM,Sat,Florida,65,,Eastern Michigan,0,SEC Network,,
107,2,Sep 6 2014,6:00 PM,Sat,Florida International,34,,Wagner,3,,,
108,2,Sep 6 2014,7:30 PM,Sat,(1) Florida State,37,,Citadel,12,RSN ESPN3.com MSG+,,
109,2,Sep 6 2014,6:00 PM,Sat,Georgia Southern,83,,Savannah State,9,ESPN3.com,,
110,2,Sep 6 2014,4:00 PM,Sat,Georgia Tech,38,@,Tulane,21,ESPNews,,
111,2,Sep 6 2014,8:00 PM,Sat,Houston,47,,Grambling State,0,ESPN3.com,,
112,2,Sep 6 2014,12:00 PM,Sat,Illinois,42,,Western Kentucky,34,Big Ten Network,,
113,2,Sep 6 2014,3:30 PM,Sat,Iowa,17,,Ball State,13,ESPN 2,,
114,2,Sep 6 2014,7:00 PM,Sat,Kansas,34,,Southeast Missouri State,28,JTV,,
115,2,Sep 6 2014,12:00 PM,Sat,(20) Kansas State,32,@,Iowa State,28,FS1,,
116,2,Sep 6 2014,3:30 PM,Sat,Kentucky,20,,Ohio,3,ESPN U,,
117,2,Sep 6 2014,7:30 PM,Sat,(12) Louisiana State,56,,Sam Houston State,0,SEC Network,,
118,2,Sep 6 2014,7:00 PM,Sat,Louisiana Tech,48,@,Louisiana-Lafayette,20,ESPN3.com,,
119,2,Sep 6 2014,7:00 PM,Sat,Louisiana-Monroe,38,,Idaho,31,ESPN3.com,,
120,2,Sep 6 2014,7:00 PM,Sat,(25) Louisville,66,,Murray State,21,ESPN3.com,,
121,2,Sep 6 2014,7:30 PM,Sat,Marshall,48,,Rhode Island,7,WCHS,,
122,2,Sep 6 2014,3:30 PM,Sat,Maryland,24,@,South Florida,17,CBSSN,,
123,2,Sep 6 2014,7:00 PM,Sat,Miami (FL),41,,Florida A&M,7,ESPN3.com,,
124,2,Sep 6 2014,3:30 PM,Sat,Minnesota,35,,Middle Tennessee State,24,Big Ten Network,,
125,2,Sep 6 2014,4:30 PM,Sat,(15) Mississippi,41,,Vanderbilt,3,ESPN,LP Field - Nashville TN,
126,2,Sep 6 2014,2:00 PM,Sat,Mississippi State,47,,Alabama-Birmingham,34,FSN,,
127,2,Sep 6 2014,12:00 PM,Sat,(24) Missouri,49,@,Toledo,24,ESPN,,
128,2,Sep 6 2014,1:00 PM,Sat,Navy,31,@,Temple,24,ESPN3.com,,
129,2,Sep 6 2014,12:00 PM,Sat,(19) Nebraska,31,,McNeese State,24,ESPN U,,
130,2,Sep 6 2014,10:00 PM,Sat,Nevada-Las Vegas,13,,Northern Colorado,12,,,
131,2,Sep 6 2014,2:00 PM,Sat,New Mexico State,34,@,Georgia State,31,ESPN3.com,,
132,2,Sep 6 2014,8:00 PM,Sat,(21) North Carolina,31,,San Diego State,27,ESPNews,,
133,2,Sep 6 2014,6:00 PM,Sat,North Carolina State,46,,Old Dominion,34,ESPN3.com,,
134,2,Sep 6 2014,12:00 PM,Sat,North Texas,43,,Southern Methodist,6,FSN MSG+,,
135,2,Sep 6 2014,3:30 PM,Sat,Northern Illinois,23,@,Northwestern,15,Big Ten Network,,
136,2,Sep 6 2014,7:30 PM,Sat,(16) Notre Dame,31,,Michigan,0,NBC,,
137,2,Sep 6 2014,12:00 PM,Sat,(4) Oklahoma,52,@,Tulsa,7,ABC,,
138,2,Sep 6 2014,3:30 PM,Sat,Oklahoma State,40,,Missouri State,23,FSN MSG+,,
139,2,Sep 6 2014,6:30 PM,Sat,(3) Oregon,46,,(7) Michigan State,27,FOX,,
140,2,Sep 6 2014,10:30 PM,Sat,Oregon State,38,@,Hawaii,30,CBSSN,,
141,2,Sep 6 2014,12:00 PM,Sat,Penn State,21,,Akron,3,ABC,,
142,2,Sep 6 2014,12:00 PM,Sat,Rutgers,38,,Howard,25,Big Ten Network,,
143,2,Sep 6 2014,2:00 PM,Sat,South Alabama,23,@,Kent State,13,ESPN3.com,,
144,2,Sep 6 2014,7:00 PM,Sat,(21) South Carolina,33,,East Carolina,23,ESPN U,,
145,2,Sep 6 2014,3:30 PM,Sat,(14) Southern California,13,@,(13) Stanford,10,ABC,,
146,2,Sep 6 2014,7:00 PM,Sat,Southern Mississippi,26,,Alcorn State,20,,,
147,2,Sep 6 2014,12:00 PM,Sat,Tennessee,34,,Arkansas State,19,SEC Network,,
148,2,Sep 6 2014,9:40 PM,Sat,(9) Texas A&M,73,,Lamar,3,SEC Network,,
149,2,Sep 6 2014,11:00 PM,Sat,Texas Tech,30,@,Texas-El Paso,26,FS1,,
150,2,Sep 6 2014,10:00 PM,Sat,(11) UCLA,42,,Memphis,35,Pac-12 Network,,
151,2,Sep 6 2014,3:00 PM,Sat,Utah,59,,Fresno State,27,Pac-12 Network,,
152,2,Sep 6 2014,8:00 PM,Sat,Utah State,40,,Idaho State,20,Mountain West Network,,
153,2,Sep 6 2014,3:30 PM,Sat,Virginia,45,,Richmond,13,ESPN3.com,,
154,2,Sep 6 2014,8:00 PM,Sat,Virginia Tech,35,@,(8) Ohio State,21,ESPN,,
155,2,Sep 6 2014,6:30 PM,Sat,Wake Forest,23,,Gardner-Webb,7,ESPN3.com,,
156,2,Sep 6 2014,3:00 PM,Sat,Washington,59,,Eastern Washington,52,Pac-12 Network,,
157,2,Sep 6 2014,7:30 PM,Sat,West Virginia,54,,Towson,0,ROOT-PIT,,
158,2,Sep 6 2014,12:00 PM,Sat,(18) Wisconsin,37,,Western Illinois,3,Big Ten Network,,
159,2,Sep 6 2014,10:15 PM,Sat,Wyoming,17,,Air Force,13,ESPN U,,
Rk,Wk,Date,Time,Day,Winner/Tie,Pts,,Loser/Tie,Pts,TV,Notes,
160,3,Sep 11 2014,9:00 PM,Thu,(25) Brigham Young,33,,Houston,25,ESPN,,
161,3,Sep 11 2014,8:00 PM,Thu,Louisiana Tech,42,@,North Texas,21,CBSSN,,
162,3,Sep 12 2014,8:00 PM,Fri,(8) Baylor,63,@,Buffalo,21,ESPN,,
163,3,Sep 12 2014,7:00 PM,Fri,Cincinnati,58,,Toledo,34,ESPN U,,
164,3,Sep 13 2014,7:00 PM,Sat,Abilene Christian,38,@,Troy,35,ESPN3.com,,
165,3,Sep 13 2014,2:00 PM,Sat,Air Force,48,@,Georgia State,38,ESPN3.com,,
166,3,Sep 13 2014,6:00 PM,Sat,(3) Alabama,52,,Southern Mississippi,12,ESPN 2,,
167,3,Sep 13 2014,3:30 PM,Sat,Alabama-Birmingham,41,,Alabama A&M,14,American Sports Network,,
168,3,Sep 13 2014,11:00 PM,Sat,Arizona,35,,Nevada,28,Pac-12 Network,,
169,3,Sep 13 2014,10:00 PM,Sat,(16) Arizona State,38,@,Colorado,24,ESPN U,,
170,3,Sep 13 2014,3:30 PM,Sat,Arkansas,49,@,Texas Tech,28,ABC,,
171,3,Sep 13 2014,12:00 PM,Sat,Boise State,38,@,Connecticut,21,ESPN 2,,
172,3,Sep 13 2014,8:00 PM,Sat,Boston College,37,,(9) Southern California,31,ESPN,,
173,3,Sep 13 2014,12:00 PM,Sat,Bowling Green State,45,,Indiana,42,ESPN U,,
174,3,Sep 13 2014,3:00 PM,Sat,Colorado State,49,,California-Davis,21,FS1,,
175,3,Sep 13 2014,3:30 PM,Sat,Duke,41,,Kansas,3,RSN,,
176,3,Sep 13 2014,12:00 PM,Sat,East Carolina,28,@,(17) Virginia Tech,21,ESPN,,
177,3,Sep 13 2014,7:30 PM,Sat,Florida,36,,Kentucky,30,SEC Network,,
178,3,Sep 13 2014,7:00 PM,Sat,Florida Atlantic,50,,Tulsa,21,FCS,,
179,3,Sep 13 2014,12:00 PM,Sat,Georgia Tech,42,,Georgia Southern,38,RSN ESPN3.com,,
180,3,Sep 13 2014,11:59 PM,Sat,Hawaii,27,,Northern Iowa,24,Oceanic Pay-per-view,,
181,3,Sep 13 2014,3:00 PM,Sat,Indiana State,27,@,Ball State,20,ESPN3.com,,
182,3,Sep 13 2014,3:30 PM,Sat,Iowa State,20,@,Iowa,17,ESPN,,
183,3,Sep 13 2014,7:00 PM,Sat,(10) Louisiana State,31,,Louisiana-Monroe,0,ESPN U,,
184,3,Sep 13 2014,12:00 PM,Sat,Marshall,44,,Ohio,14,CBSSN,,
185,3,Sep 13 2014,3:30 PM,Sat,Miami (FL),41,,Arkansas State,20,ESPN U,,
186,3,Sep 13 2014,3:30 PM,Sat,Michigan,34,,Miami (OH),10,Big Ten Network,,
187,3,Sep 13 2014,7:00 PM,Sat,Middle Tennessee State,50,,Western Kentucky,47,MyTV30,,
188,3,Sep 13 2014,4:00 PM,Sat,(14) Mississippi,56,,Louisiana-Lafayette,15,SEC Network,,
189,3,Sep 13 2014,4:00 PM,Sat,Mississippi State,35,@,South Alabama,3,ESPNews,,
190,3,Sep 13 2014,12:00 PM,Sat,(20) Missouri,38,,Central Florida,10,SEC Network,,
191,3,Sep 13 2014,8:00 PM,Sat,Navy,35,@,Texas State,21,ESPNews,,
192,3,Sep 13 2014,10:30 PM,Sat,Nebraska,55,@,Fresno State,19,CBSSN,,
193,3,Sep 13 2014,3:30 PM,Sat,North Carolina State,49,@,South Florida,17,CBSSN,,
194,3,Sep 13 2014,7:00 PM,Sat,Northern Illinois,48,@,Nevada-Las Vegas,34,Mountain West Network,,
195,3,Sep 13 2014,7:30 PM,Sat,(11) Notre Dame,30,,Purdue,14,NBC,Lucas Oil Stadium - Indianapolis IN,
196,3,Sep 13 2014,12:00 PM,Sat,(22) Ohio State,66,,Kent State,0,ABC (ESPN 2 mirror),,
197,3,Sep 13 2014,8:00 PM,Sat,(4) Oklahoma,34,,Tennessee,10,ABC,,
198,3,Sep 13 2014,7:00 PM,Sat,Oklahoma State,43,,Texas-San Antonio,13,FSN,,
199,3,Sep 13 2014,6:00 PM,Sat,Old Dominion,17,,Eastern Michigan,3,Cox 110,,
200,3,Sep 13 2014,2:00 PM,Sat,(2) Oregon,48,,Wyoming,14,Pac-12 Network,,
201,3,Sep 13 2014,8:00 PM,Sat,Penn State,13,@,Rutgers,10,Big Ten Network,,
202,3,Sep 13 2014,12:00 PM,Sat,Pittsburgh,42,@,Florida International,25,FS1,,
203,3,Sep 13 2014,3:30 PM,Sat,(24) South Carolina,38,,(6) Georgia,35,CBS,,
204,3,Sep 13 2014,5:00 PM,Sat,(15) Stanford,35,,Army,0,Pac-12 Network,,
205,3,Sep 13 2014,12:00 PM,Sat,Syracuse,40,@,Central Michigan,3,ESPNews,,
206,3,Sep 13 2014,9:00 PM,Sat,(7) Texas A&M,38,,Rice,10,ESPN 2,,
207,3,Sep 13 2014,4:00 PM,Sat,Texas Christian,30,,Minnesota,7,FS1,,
208,3,Sep 13 2014,8:00 PM,Sat,Texas-El Paso,42,,New Mexico State,24,Sinclair,,
209,3,Sep 13 2014,8:00 PM,Sat,Tulane,35,,Southeastern Louisiana,20,ESPN3.com,,
210,3,Sep 13 2014,8:00 PM,Sat,(12) UCLA,20,,Texas,17,FOX,AT&T Stadium - Arlington TX,
211,3,Sep 13 2014,7:00 PM,Sat,Utah State,36,,Wake Forest,24,CBSSN,,
212,3,Sep 13 2014,12:00 PM,Sat,Vanderbilt,34,,Massachusetts,31,FSN,,
213,3,Sep 13 2014,12:30 PM,Sat,Virginia,23,,(21) Louisville,21,ACC Network ESPN3.com,,
214,3,Sep 13 2014,4:00 PM,Sat,Washington,44,,Illinois,19,FOX,,
215,3,Sep 13 2014,8:00 PM,Sat,Washington State,59,,Portland State,21,Pac-12 Network,,
216,3,Sep 13 2014,12:00 PM,Sat,West Virginia,40,@,Maryland,37,Big Ten Network,,
217,3,Sep 13 2014,5:00 PM,Sat,Western Michigan,45,@,Idaho,33,ESPN3.com,,
Rk,Wk,Date,Time,Day,Winner/Tie,Pts,,Loser/Tie,Pts,TV,Notes,
218,4,Sep 18 2014,7:30 PM,Thu,(5) Auburn,20,@,(20) Kansas State,14,ESPN,,
219,4,Sep 19 2014,8:00 PM,Fri,South Florida,17,,Connecticut,14,ESPN,,
220,4,Sep 20 2014,3:30 PM,Sat,(3) Alabama,42,,Florida,21,CBS,,
221,4,Sep 20 2014,10:00 PM,Sat,Arizona,49,,California,45,Pac-12 Network,,
222,4,Sep 20 2014,7:00 PM,Sat,Arkansas,52,,Northern Illinois,14,ESPN U,,
223,4,Sep 20 2014,7:00 PM,Sat,Arkansas State,21,,Utah State,14,ESPN3.com,,
224,4,Sep 20 2014,10:40 PM,Sat,Boise State,34,,Louisiana-Lafayette,9,CBSSN,,
225,4,Sep 20 2014,1:00 PM,Sat,Boston College,40,,Maine,10,ESPN3.com,,
226,4,Sep 20 2014,3:30 PM,Sat,(21) Brigham Young,41,,Virginia,33,ESPN,,
227,4,Sep 20 2014,3:30 PM,Sat,Buffalo,36,,Norfolk State,7,ESPN3.com,,
228,4,Sep 20 2014,6:00 PM,Sat,Central Florida,41,,Bethune-Cookman,7,ESPN3.com,,
229,4,Sep 20 2014,7:00 PM,Sat,Cincinnati,31,,Miami (OH),24,CBSSN,Paul Brown Stadium - Cincinnati OH,
230,4,Sep 20 2014,2:00 PM,Sat,Colorado,21,,Hawaii,12,Pac-12 Network,,
231,4,Sep 20 2014,12:30 PM,Sat,Duke,47,,Tulane,13,RSN MSG ROOT-PIT STO,,
232,4,Sep 20 2014,3:30 PM,Sat,East Carolina,70,,North Carolina,41,ESPN U,,
233,4,Sep 20 2014,8:25 PM,Sat,(1) Florida State,23,,(22) Clemson,17,ABC,,
234,4,Sep 20 2014,10:00 PM,Sat,Fresno State,56,,Southern Utah,16,Mountain West Network,,
235,4,Sep 20 2014,12:00 PM,Sat,(13) Georgia,66,,Troy,0,SEC Network,,
236,4,Sep 20 2014,7:30 PM,Sat,Georgia Southern,28,@,South Alabama,6,ESPN3.com,,
237,4,Sep 20 2014,12:00 PM,Sat,Georgia Tech,27,@,Virginia Tech,24,ESPN,,
238,4,Sep 20 2014,8:00 PM,Sat,Houston,47,,Nevada-Las Vegas,14,ESPN3.com,,
239,4,Sep 20 2014,4:00 PM,Sat,Illinois,42,,Texas State,35,ESPNews,,
240,4,Sep 20 2014,4:00 PM,Sat,Indiana,31,@,(18) Missouri,27,SEC Network,,
241,4,Sep 20 2014,12:00 PM,Sat,Iowa,24,@,Pittsburgh,20,ESPN U,,
242,4,Sep 20 2014,3:30 PM,Sat,Kansas,24,,Central Michigan,10,FSN MSG+ SunSports,,
243,4,Sep 20 2014,3:30 PM,Sat,Louisville,34,@,Florida International,3,FS1,,
244,4,Sep 20 2014,2:00 PM,Sat,Marshall,48,@,Akron,17,ESPN3.com,,
245,4,Sep 20 2014,12:30 PM,Sat,Maryland,34,@,Syracuse,20,ACC Network,,
246,4,Sep 20 2014,7:00 PM,Sat,Memphis,36,,Middle Tennessee State,17,ESPN3.com,,
247,4,Sep 20 2014,12:00 PM,Sat,(11) Michigan State,73,,Eastern Michigan,14,Big Ten Network,,
248,4,Sep 20 2014,4:00 PM,Sat,Minnesota,24,,San Jose State,7,Big Ten Network,,
249,4,Sep 20 2014,7:00 PM,Sat,Mississippi State,34,@,(8) Louisiana State,29,ESPN,,
250,4,Sep 20 2014,8:00 PM,Sat,(24) Nebraska,41,,Miami (FL),31,ESPN 2,,
251,4,Sep 20 2014,8:00 PM,Sat,New Mexico,38,@,New Mexico State,35,AggieVision ESPN3.com,,
252,4,Sep 20 2014,6:00 PM,Sat,North Carolina State,42,,Presbyterian,0,ESPN3.com,,
253,4,Sep 20 2014,3:30 PM,Sat,North Texas,77,,Nicholls State,3,Sinclair,,
254,4,Sep 20 2014,12:00 PM,Sat,Northwestern,24,,Western Illinois,7,ESPNews,,
255,4,Sep 20 2014,7:00 PM,Sat,Northwestern State,30,@,Louisiana Tech,27,,,
256,4,Sep 20 2014,7:00 PM,Sat,Ohio,36,,Idaho,24,ESPN3.com,,
257,4,Sep 20 2014,7:30 PM,Sat,(4) Oklahoma,45,@,West Virginia,33,FOX,,
258,4,Sep 20 2014,12:00 PM,Sat,Old Dominion,45,@,Rice,42,FSN MSG+ ROOT-RM,,
259,4,Sep 20 2014,10:36 PM,Sat,(2) Oregon,38,@,Washington State,31,ESPN,,
260,4,Sep 20 2014,10:30 PM,Sat,Oregon State,28,,San Diego State,7,FS1,,
261,4,Sep 20 2014,4:00 PM,Sat,Penn State,48,,Massachusetts,7,Big Ten Network,,
262,4,Sep 20 2014,12:00 PM,Sat,Purdue,35,,Southern Illinois,13,Big Ten Network,,
263,4,Sep 20 2014,3:30 PM,Sat,Rutgers,31,@,Navy,24,CBSSN,,
264,4,Sep 20 2014,7:30 PM,Sat,(14) South Carolina,48,@,Vanderbilt,34,SEC Network,,
265,4,Sep 20 2014,7:00 PM,Sat,Southern Mississippi,21,,Appalachian State,20,American Sports Network,,
266,4,Sep 20 2014,1:00 PM,Sat,Temple,59,,Delaware State,0,ESPN3.com,,
267,4,Sep 20 2014,3:30 PM,Sat,(6) Texas A&M,58,@,Southern Methodist,6,ABC (ESPN 2 mirror),,
268,4,Sep 20 2014,7:00 PM,Sat,Toledo,34,,Ball State,23,ESPN3.com,,
269,4,Sep 20 2014,3:30 PM,Sat,Utah,26,@,Michigan,10,ABC (ESPN 2 mirror),,
270,4,Sep 20 2014,3:30 PM,Sat,Wake Forest,24,,Army,21,ESPN3.com,,
271,4,Sep 20 2014,6:00 PM,Sat,Washington,45,,Georgia State,14,Pac-12 Network,,
272,4,Sep 20 2014,7:00 PM,Sat,Western Michigan,45,,Murray State,14,ESPN3.com,,
273,4,Sep 20 2014,12:00 PM,Sat,(19) Wisconsin,68,,Bowling Green State,17,ESPN 2,,
274,4,Sep 20 2014,4:00 PM,Sat,Wyoming,20,,Florida Atlantic,19,Mountain West Network,,
Rk,Wk,Date,Time,Day,Winner/Tie,Pts,,Loser/Tie,Pts,TV,Notes,
275,5,Sep 25 2014,7:30 PM,Thu,Georgia Southern,34,,Appalachian State,14,ESPN U,,
276,5,Sep 25 2014,7:30 PM,Thu,(24) Oklahoma State,45,,Texas Tech,35,ESPN,,
277,5,Sep 25 2014,10:00 PM,Thu,(11) UCLA,62,@,(15) Arizona State,27,FS1,,
278,5,Sep 26 2014,8:00 PM,Fri,Fresno State,35,@,New Mexico,24,ESPN 2,,
279,5,Sep 26 2014,8:00 PM,Fri,Middle Tennessee State,41,@,Old Dominion,28,FS1,,
280,5,Sep 27 2014,7:00 PM,Sat,Air Force,28,,Boise State,14,CBSSN,,
281,5,Sep 27 2014,1:30 PM,Sat,Akron,21,@,Pittsburgh,10,ESPN3.com,,
282,5,Sep 27 2014,4:00 PM,Sat,(5) Auburn,45,,Louisiana Tech,17,SEC Network,,
283,5,Sep 27 2014,8:00 PM,Sat,(7) Baylor,49,@,Iowa State,28,FOX,,
284,5,Sep 27 2014,3:00 PM,Sat,Bowling Green State,47,@,Massachusetts,42,ESPN3.com,,
285,5,Sep 27 2014,3:30 PM,Sat,Buffalo,35,,Miami (OH),27,ESPN3.com,,
286,5,Sep 27 2014,4:00 PM,Sat,California,59,,Colorado,56,Pac-12 Network,,
287,5,Sep 27 2014,7:00 PM,Sat,Clemson,50,,North Carolina,35,ESPN U,,
288,5,Sep 27 2014,12:30 PM,Sat,Colorado State,24,@,Boston College,21,RSN MSG NESN ROOT-PIT,,
289,5,Sep 27 2014,5:00 PM,Sat,Florida Atlantic,41,,Texas-San Antonio,37,Sinclair Network,,
290,5,Sep 27 2014,3:30 PM,Sat,Florida International,34,@,Alabama-Birmingham,20,ASN CSN-BAY CAL,,
291,5,Sep 27 2014,3:30 PM,Sat,(1) Florida State,56,@,North Carolina State,41,ABC (ESPN 2 mirror),,
292,5,Sep 27 2014,12:00 PM,Sat,(12) Georgia,35,,Tennessee,32,ESPN,,
293,5,Sep 27 2014,12:00 PM,Sat,Iowa,24,@,Purdue,10,Big Ten Network,,
294,5,Sep 27 2014,12:00 PM,Sat,(25) Kansas State,58,,Texas-El Paso,28,FSN MSG+ MASN2 SSO,,
295,5,Sep 27 2014,12:00 PM,Sat,Kentucky,17,,Vanderbilt,7,SEC Network,,
296,5,Sep 27 2014,7:30 PM,Sat,(17) Louisiana State,63,,New Mexico State,7,SEC Network,,
297,5,Sep 27 2014,7:00 PM,Sat,Louisiana-Monroe,22,,Troy,20,ESPN3.com,,
298,5,Sep 27 2014,3:30 PM,Sat,Louisville,20,,Wake Forest,10,ESPN U,,
299,5,Sep 27 2014,1:30 PM,Sat,Maryland,37,@,Indiana,15,Big Ten Network,,
300,5,Sep 27 2014,7:30 PM,Sat,Miami (FL),22,,Duke,10,ESPN 2,,
301,5,Sep 27 2014,12:00 PM,Sat,(9) Michigan State,56,,Wyoming,14,ESPN 2,,
302,5,Sep 27 2014,3:30 PM,Sat,Minnesota,30,@,Michigan,14,ABC,,
303,5,Sep 27 2014,7:30 PM,Sat,(10) Mississippi,24,,Memphis,3,FSN-FL OH DET MW SD,,
304,5,Sep 27 2014,7:00 PM,Sat,Missouri,21,@,(13) South Carolina,20,ESPN,,
305,5,Sep 27 2014,9:00 PM,Sat,(21) Nebraska,45,,Illinois,14,Big Ten Network,,
306,5,Sep 27 2014,10:30 PM,Sat,Nevada,21,@,San Jose State,10,CBSSN,,
307,5,Sep 27 2014,12:00 PM,Sat,Northwestern,29,@,Penn State,6,Big Ten Network,,
308,5,Sep 27 2014,8:00 PM,Sat,(8) Notre Dame,31,,Syracuse,15,ABC,MetLife Stadium - East Rutherford NJ,
309,5,Sep 27 2014,2:00 PM,Sat,Ohio,34,,Eastern Illinois,19,ESPN3.com,,
310,5,Sep 27 2014,6:00 PM,Sat,(22) Ohio State,50,,Cincinnati,28,Big Ten Network,,
311,5,Sep 27 2014,7:00 PM,Sat,Rice,41,@,Southern Mississippi,23,FCS,,
312,5,Sep 27 2014,12:00 PM,Sat,Rutgers,31,,Tulane,6,ESPNews,,
313,5,Sep 27 2014,8:00 PM,Sat,San Diego State,34,,Nevada-Las Vegas,17,ESPN3.com,,
314,5,Sep 27 2014,5:00 PM,Sat,South Alabama,34,@,Idaho,10,ESPN3.com,,
315,5,Sep 27 2014,10:30 PM,Sat,(18) Southern California,35,,Oregon State,10,ESPN,,
316,5,Sep 27 2014,4:15 PM,Sat,(16) Stanford,20,@,Washington,13,FOX,,
317,5,Sep 27 2014,4:00 PM,Sat,Temple,36,@,Connecticut,10,ESPNews,,
318,5,Sep 27 2014,4:00 PM,Sat,Texas,23,@,Kansas,0,FS1,,
319,5,Sep 27 2014,3:30 PM,Sat,(6) Texas A&M,35,,Arkansas,28,CBS,AT&T Stadium - Arlington TX,
320,5,Sep 27 2014,12:00 PM,Sat,Texas Christian,56,@,Southern Methodist,0,CBSSN,,
321,5,Sep 27 2014,8:00 PM,Sat,Texas State,37,@,Tulsa,34,ESPNews,,
322,5,Sep 27 2014,7:00 PM,Sat,Toledo,42,,Central Michigan,28,ESPN3.com,,
323,5,Sep 27 2014,3:30 PM,Sat,Virginia,45,,Kent State,13,ESPN3.com,,
324,5,Sep 27 2014,12:30 PM,Sat,Virginia Tech,35,,Western Michigan,17,ACC Network,,
325,5,Sep 27 2014,8:00 PM,Sat,Washington State,28,@,Utah,27,Pac-12 Network,,
326,5,Sep 27 2014,3:30 PM,Sat,Western Kentucky,36,@,Navy,27,CBSSN,,
327,5,Sep 27 2014,12:00 PM,Sat,(19) Wisconsin,27,,South Florida,10,ESPN U,,
328,5,Sep 27 2014,1:00 PM,Sat,Yale,49,,Army,43,FCS-Atlantic,,
Rk,Wk,Date,Time,Day,Winner/Tie,Pts,,Loser/Tie,Pts,TV,Notes,
329,6,Oct 2 2014,10:30 PM,Thu,Arizona,31,@,(2) Oregon,24,ESPN,,
330,6,Oct 2 2014,7:00 PM,Thu,Central Florida,17,@,Houston,12,ESPN,,
331,6,Oct 2 2014,7:00 PM,Thu,Florida International,38,,Florida Atlantic,10,FSN,,
332,6,Oct 3 2014,10:00 PM,Fri,Fresno State,24,,San Diego State,13,CBSSN,,
333,6,Oct 3 2014,7:00 PM,Fri,Louisville,28,@,Syracuse,6,ESPN,,
334,6,Oct 3 2014,10:26 PM,Fri,Utah State,35,@,(18) Brigham Young,20,ESPN,,
335,6,Oct 4 2014,3:30 PM,Sat,Air Force,30,,Navy,21,CBSSN,,
336,6,Oct 4 2014,2:00 PM,Sat,Akron,31,,Eastern Michigan,6,ESPN3.com,,
337,6,Oct 4 2014,7:00 PM,Sat,Alabama-Birmingham,42,@,Western Kentucky,39,C-USA Digital Network,,
338,6,Oct 4 2014,7:30 PM,Sat,Arizona State,38,@,(16) Southern California,34,FOX,,
339,6,Oct 4 2014,7:00 PM,Sat,Arkansas State,28,,Louisiana-Monroe,14,ESPN3.com,,
340,6,Oct 4 2014,12:00 PM,Sat,Army,33,,Ball State,24,CBSSN,,
341,6,Oct 4 2014,7:00 PM,Sat,(5) Auburn,41,,(15) Louisiana State,7,ESPN,,
342,6,Oct 4 2014,3:30 PM,Sat,(7) Baylor,28,@,Texas,7,ABC,,
343,6,Oct 4 2014,10:30 PM,Sat,Boise State,51,@,Nevada,46,CBSSN,,
344,6,Oct 4 2014,3:30 PM,Sat,Bowling Green State,36,,Buffalo,35,ESPN Game Plan ESPN3.com,,
345,6,Oct 4 2014,10:30 PM,Sat,California,60,@,Washington State,59,Pac-12 Network,,
346,6,Oct 4 2014,3:30 PM,Sat,Central Michigan,28,,Ohio,10,ESPN3.com,,
347,6,Oct 4 2014,3:30 PM,Sat,Clemson,41,,North Carolina State,0,ESPN U,,
348,6,Oct 4 2014,3:00 PM,Sat,Colorado State,42,,Tulsa,17,Mountain West Network,,
349,6,Oct 4 2014,12:00 PM,Sat,(22) East Carolina,45,,Southern Methodist,24,ESPN U,,
350,6,Oct 4 2014,12:00 PM,Sat,Florida,10,@,Tennessee,9,SEC Network,,
351,6,Oct 4 2014,3:30 PM,Sat,(1) Florida State,43,,Wake Forest,3,ABC Regional,,
352,6,Oct 4 2014,4:00 PM,Sat,(13) Georgia,44,,Vanderbilt,17,SEC Network,,
353,6,Oct 4 2014,8:00 PM,Sat,Georgia Southern,36,@,New Mexico State,28,FSN-SW AZ+ ESPN3.com,,
354,6,Oct 4 2014,7:30 PM,Sat,Georgia Tech,28,,Miami (FL),17,ESPN 2,,
355,6,Oct 4 2014,2:30 PM,Sat,Indiana,49,,North Texas,24,Big Ten Network,,
356,6,Oct 4 2014,7:00 PM,Sat,(23) Kansas State,45,,Texas Tech,13,ESPN U,,
357,6,Oct 4 2014,7:30 PM,Sat,Kentucky,45,,South Carolina,38,SEC Network,,
358,6,Oct 4 2014,7:00 PM,Sat,Louisiana Tech,55,,Texas-El Paso,3,FCS,,
359,6,Oct 4 2014,7:00 PM,Sat,Louisiana-Lafayette,34,,Georgia State,31,ESPN3.com,,
360,6,Oct 4 2014,12:00 PM,Sat,Marshall,56,@,Old Dominion,14,FSN ROOT-NW PIT MSG+,,
361,6,Oct 4 2014,7:00 PM,Sat,Memphis,41,,Cincinnati,14,CBSSN,Paul Brown Stadium - Cincinnati OH,
362,6,Oct 4 2014,2:30 PM,Sat,Miami (OH),42,,Massachusetts,41,ESPN3.com,,
363,6,Oct 4 2014,8:00 PM,Sat,(10) Michigan State,27,,(19) Nebraska,22,ABC,,
364,6,Oct 4 2014,12:00 PM,Sat,Middle Tennessee State,37,,Southern Mississippi,31,ASN CSN-CHI,,
365,6,Oct 4 2014,3:30 PM,Sat,(11) Mississippi,23,,(3) Alabama,17,CBS,,
366,6,Oct 4 2014,12:00 PM,Sat,(12) Mississippi State,48,,(6) Texas A&M,31,ESPN,,
367,6,Oct 4 2014,3:30 PM,Sat,New Mexico,21,@,Texas-San Antonio,9,ASN CSN-CHI,,
368,6,Oct 4 2014,5:00 PM,Sat,Northern Illinois,17,,Kent State,14,ESPN3.com,,
369,6,Oct 4 2014,3:30 PM,Sat,Northwestern,20,,(17) Wisconsin,14,ESPN 2,,
370,6,Oct 4 2014,3:30 PM,Sat,(9) Notre Dame,17,,(14) Stanford,14,NBC,,
371,6,Oct 4 2014,12:00 PM,Sat,(20) Ohio State,52,@,Maryland,24,ABC,,
372,6,Oct 4 2014,12:00 PM,Sat,(21) Oklahoma State,37,,Iowa State,20,FS1,,
373,6,Oct 4 2014,4:00 PM,Sat,Oregon State,36,@,Colorado,31,Pac-12 Network,,
374,6,Oct 4 2014,12:00 PM,Sat,Purdue,38,@,Illinois,27,ESPN 2,,
375,6,Oct 4 2014,7:00 PM,Sat,Rice,28,,Hawaii,14,ASN CSN-BAY TCN-PHI,,
376,6,Oct 4 2014,7:00 PM,Sat,Rutgers,26,,Michigan,24,Big Ten Network,,
377,6,Oct 4 2014,8:00 PM,Sat,San Jose State,33,,Nevada-Las Vegas,10,ESPNews,,
378,6,Oct 4 2014,6:00 PM,Sat,South Alabama,47,@,Appalachian State,21,ESPN3.com,,
379,6,Oct 4 2014,3:30 PM,Sat,(25) Texas Christian,37,,(4) Oklahoma,33,FOX,,
380,6,Oct 4 2014,7:00 PM,Sat,Texas State,35,,Idaho,30,ESPN3.com,,
381,6,Oct 4 2014,7:00 PM,Sat,Toledo,20,@,Western Michigan,19,ESPN3.com,,
382,6,Oct 4 2014,10:30 PM,Sat,Utah,30,@,(8) UCLA,28,ESPN,,
383,6,Oct 4 2014,7:30 PM,Sat,Virginia,24,,Pittsburgh,19,RSN YES ROOT-PIT STO,,
384,6,Oct 4 2014,12:30 PM,Sat,Virginia Tech,34,@,North Carolina,17,ACC Network,,
385,6,Oct 4 2014,4:00 PM,Sat,West Virginia,33,,Kansas,14,FSN ROOT-PIT,,
Rk,Wk,Date,Time,Day,Winner/Tie,Pts,,Loser/Tie,Pts,TV,Notes,
386,7,Oct 9 2014,7:30 PM,Thu,Central Florida,31,,Brigham Young,24,ESPN,,
387,7,Oct 10 2014,10:00 PM,Fri,Nevada-Las Vegas,30,,Fresno State,27,CBSSN,,
388,7,Oct 10 2014,9:30 PM,Fri,San Diego State,24,@,New Mexico,14,ESPN U,,
389,7,Oct 10 2014,9:00 PM,Fri,(25) Stanford,34,,Washington State,17,ESPN,,
390,7,Oct 11 2014,2:00 PM,Sat,Akron,29,,Miami (OH),19,ESPN3.com,,
391,7,Oct 11 2014,6:00 PM,Sat,(7) Alabama,14,@,Arkansas,13,ESPN,,
392,7,Oct 11 2014,3:30 PM,Sat,Alabama-Birmingham,56,,North Texas,21,Sinclair ASN,,
393,7,Oct 11 2014,2:00 PM,Sat,Arkansas State,52,@,Georgia State,10,ESPN3.com,,
394,7,Oct 11 2014,3:30 PM,Sat,(5) Baylor,61,,(9) Texas Christian,58,ESPN 2,,
395,7,Oct 11 2014,3:30 PM,Sat,Boston College,30,@,North Carolina State,14,CSN NESN ROOT-NW PIT,,
396,7,Oct 11 2014,2:00 PM,Sat,Bowling Green State,31,@,Ohio,13,ESPN3.com,,
397,7,Oct 11 2014,5:00 PM,Sat,Central Michigan,34,@,Northern Illinois,17,ESPN3.com,,
398,7,Oct 11 2014,3:30 PM,Sat,Clemson,23,,Louisville,17,ESPN U,,
399,7,Oct 11 2014,10:30 PM,Sat,Colorado State,31,@,Nevada,24,CBSSN,,
400,7,Oct 11 2014,12:30 PM,Sat,Duke,31,@,(22) Georgia Tech,25,ACC Network,,
401,7,Oct 11 2014,7:00 PM,Sat,(19) East Carolina,28,@,South Florida,17,ESPN U,,
402,7,Oct 11 2014,1:00 PM,Sat,Eastern Michigan,37,,Buffalo,27,ESPN3.com,,
403,7,Oct 11 2014,12:00 PM,Sat,(1) Florida State,38,@,Syracuse,20,ESPN,,
404,7,Oct 11 2014,12:00 PM,Sat,(13) Georgia,34,@,(23) Missouri,0,CBS,,
405,7,Oct 11 2014,6:00 PM,Sat,Georgia Southern,47,,Idaho,24,ESPN3.com,,
406,7,Oct 11 2014,11:59 PM,Sat,Hawaii,38,,Wyoming,28,Oceanic PPV ROOT-RM,,
407,7,Oct 11 2014,7:00 PM,Sat,Houston,28,@,Memphis,24,CBSSN,,
408,7,Oct 11 2014,12:00 PM,Sat,Iowa,45,,Indiana,29,Big Ten Network,,
409,7,Oct 11 2014,3:30 PM,Sat,Iowa State,37,,Toledo,30,Mediacom Cable,,
410,7,Oct 11 2014,12:00 PM,Sat,Kentucky,48,,Louisiana-Monroe,14,SEC Network,,
411,7,Oct 11 2014,3:30 PM,Sat,Liberty,55,@,Appalachian State,48,ESPN3.com,,
412,7,Oct 11 2014,7:30 PM,Sat,Louisiana State,30,@,Florida,27,SEC Network,,
413,7,Oct 11 2014,12:00 PM,Sat,Marshall,49,,Middle Tennessee State,24,FSN MSG+ ROOT-RM SPO,,
414,7,Oct 11 2014,2:00 PM,Sat,Massachusetts,40,@,Kent State,17,ESPN3.com,,
415,7,Oct 11 2014,12:00 PM,Sat,Miami (FL),55,,Cincinnati,34,MSG NESN ROOT-NW PIT,,
416,7,Oct 11 2014,7:00 PM,Sat,Michigan,18,,Penn State,13,ESPN,,
417,7,Oct 11 2014,3:30 PM,Sat,(8) Michigan State,45,@,Purdue,31,ABC,,
418,7,Oct 11 2014,12:00 PM,Sat,Minnesota,24,,Northwestern,17,Big Ten Network,,
419,7,Oct 11 2014,9:15 PM,Sat,(3) Mississippi,35,@,(14) Texas A&M,20,ESPN,,
420,7,Oct 11 2014,3:39 PM,Sat,(3) Mississippi State,38,,(2) Auburn,23,CBS,,
421,7,Oct 11 2014,3:30 PM,Sat,Navy,51,,Virginia Military Institute,14,CBSSN,,
422,7,Oct 11 2014,3:30 PM,Sat,(6) Notre Dame,50,,North Carolina,43,NBC,,
423,7,Oct 11 2014,12:00 PM,Sat,(11) Oklahoma,31,,Texas,26,ABC,Cotton Bowl - Dallas TX,
424,7,Oct 11 2014,4:00 PM,Sat,(16) Oklahoma State,27,@,Kansas,20,FS1,,
425,7,Oct 11 2014,3:30 PM,Sat,(12) Oregon,42,@,(18) UCLA,30,FOX,,
426,7,Oct 11 2014,12:00 PM,Sat,Rice,41,@,Army,21,CBSSN,,
427,7,Oct 11 2014,10:30 PM,Sat,Southern California,28,@,(10) Arizona,26,ESPN 2,,
428,7,Oct 11 2014,12:00 PM,Sat,Temple,35,,Tulsa,24,ESPNews,,
429,7,Oct 11 2014,4:00 PM,Sat,Tennessee,45,,Chattanooga,10,SEC Network,,
430,7,Oct 11 2014,8:00 PM,Sat,Texas-El Paso,42,,Old Dominion,35,MyTVZ33 Sinclair,,
431,7,Oct 11 2014,7:00 PM,Sat,Texas-San Antonio,16,,Florida International,13,FCS,,
432,7,Oct 11 2014,3:00 PM,Sat,Troy,41,,New Mexico State,24,ESPN3.com,,
433,7,Oct 11 2014,8:00 PM,Sat,Tulane,12,,Connecticut,3,ESPNews,,
434,7,Oct 11 2014,10:15 PM,Sat,Utah State,34,,Air Force,16,ESPN U,,
435,7,Oct 11 2014,7:30 PM,Sat,Vanderbilt,21,,Charleston Southern,20,FSN-DET SW SportSouth,,
436,7,Oct 11 2014,6:00 PM,Sat,Washington,31,@,California,7,Pac-12 Network,,
437,7,Oct 11 2014,12:00 PM,Sat,West Virginia,37,@,Texas Tech,34,FS1,,
438,7,Oct 11 2014,3:00 PM,Sat,Western Michigan,42,@,Ball State,38,ESPN3.com,,
439,7,Oct 11 2014,12:00 PM,Sat,Wisconsin,38,,Illinois,28,ESPN 2,,
Rk,Wk,Date,Time,Day,Winner/Tie,Pts,,Loser/Tie,Pts,TV,Notes,
440,8,Oct 14 2014,8:00 PM,Tue,Louisiana-Lafayette,34,@,Texas State,10,ESPN 2,,
441,8,Oct 16 2014,7:30 PM,Thu,Pittsburgh,21,,Virginia Tech,16,ESPN,,
442,8,Oct 16 2014,10:00 PM,Thu,(20) Utah,29,@,Oregon State,23,FS2,,
443,8,Oct 17 2014,8:00 PM,Fri,Boise State,37,,Fresno State,27,ESPN,,
444,8,Oct 17 2014,9:00 PM,Fri,Houston,31,,Temple,10,ESPN U,,
445,8,Oct 18 2014,3:30 PM,Sat,Air Force,35,,New Mexico,31,ROOT-NW,,
446,8,Oct 18 2014,3:30 PM,Sat,(7) Alabama,59,,(21) Texas A&M,0,CBS,,
447,8,Oct 18 2014,3:00 PM,Sat,Appalachian State,53,@,Troy,14,ESPN3.com,,
448,8,Oct 18 2014,10:30 PM,Sat,(17) Arizona State,26,,(23) Stanford,10,ESPN,,
449,8,Oct 18 2014,3:30 PM,Sat,Ball State,32,@,Central Michigan,29,ESPN3.com,,
450,8,Oct 18 2014,12:00 PM,Sat,Central Florida,20,,Tulane,13,ESPN U,,
451,8,Oct 18 2014,3:30 PM,Sat,Cincinnati,41,@,Southern Methodist,3,CBSSN,,
452,8,Oct 18 2014,3:30 PM,Sat,(24) Clemson,17,@,Boston College,13,ESPN U,,
453,8,Oct 18 2014,7:00 PM,Sat,Colorado State,16,,Utah State,13,CBSSN,,
454,8,Oct 18 2014,12:30 PM,Sat,Duke,20,,Virginia,13,ACC Network,,
455,8,Oct 18 2014,12:00 PM,Sat,Florida Atlantic,45,,Western Kentucky,38,Sinclair,,
456,8,Oct 18 2014,8:00 PM,Sat,(2) Florida State,31,,(5) Notre Dame,27,ABC,,
457,8,Oct 18 2014,4:00 PM,Sat,(10) Georgia,45,,Arkansas,32,SEC Network,War Memorial Stadium - Little Rock AR,
458,8,Oct 18 2014,5:00 PM,Sat,Idaho,29,,New Mexico State,17,ESPN3.com,,
459,8,Oct 18 2014,12:00 PM,Sat,(14) Kansas State,31,@,(11) Oklahoma,30,ESPN,,
460,8,Oct 18 2014,3:30 PM,Sat,Kent State,39,,Army,17,ESPN3.com,,
461,8,Oct 18 2014,7:30 PM,Sat,Louisiana State,41,,Kentucky,3,SEC Network,,
462,8,Oct 18 2014,12:00 PM,Sat,Louisiana Tech,27,,Texas-San Antonio,20,FSN-MW SW AZ W,,
463,8,Oct 18 2014,3:30 PM,Sat,Louisville,30,,North Carolina State,18,FSN YES CSN-BAL,,
464,8,Oct 18 2014,6:00 PM,Sat,(25) Marshall,45,@,Florida International,13,American Sports Network,,
465,8,Oct 18 2014,12:00 PM,Sat,Maryland,38,,Iowa,31,ESPN 2,,
466,8,Oct 18 2014,3:00 PM,Sat,Massachusetts,36,,Eastern Michigan,14,ESPN3.com,Gillette Stadium - Foxborough MA,
467,8,Oct 18 2014,3:30 PM,Sat,(8) Michigan State,56,@,Indiana,17,ESPN,,
468,8,Oct 18 2014,3:30 PM,Sat,Middle Tennessee State,34,,Alabama-Birmingham,22,FCS,,
469,8,Oct 18 2014,12:00 PM,Sat,Minnesota,39,,Purdue,38,Big Ten Network,,
470,8,Oct 18 2014,7:00 PM,Sat,(3) Mississippi,34,,Tennessee,3,ESPN,,
471,8,Oct 18 2014,7:00 PM,Sat,Missouri,42,@,Florida,13,ESPN 2,,
472,8,Oct 18 2014,7:30 PM,Sat,(19) Nebraska,38,@,Northwestern,17,Big Ten Network,,
473,8,Oct 18 2014,10:15 PM,Sat,Nevada,42,@,Brigham Young,35,ESPN 2,,
474,8,Oct 18 2014,7:00 PM,Sat,North Carolina,48,,Georgia Tech,43,ESPN U,,
475,8,Oct 18 2014,5:00 PM,Sat,Northern Illinois,51,,Miami (OH),41,ESPN3.com,,
476,8,Oct 18 2014,2:00 PM,Sat,Ohio,23,,Akron,20,ESPN3.com,,
477,8,Oct 18 2014,3:30 PM,Sat,(13) Ohio State,56,,Rutgers,17,ABC (ESPN 2 mirror),,
478,8,Oct 18 2014,8:00 PM,Sat,(9) Oregon,45,,Washington,20,FS1,,
479,8,Oct 18 2014,10:30 PM,Sat,San Diego State,20,,Hawaii,10,CBSSN,,
480,8,Oct 18 2014,4:00 PM,Sat,San Jose State,27,@,Wyoming,20,ESPN3.com,,
481,8,Oct 18 2014,7:30 PM,Sat,South Alabama,30,,Georgia State,27,ESPN3.com,,
482,8,Oct 18 2014,12:00 PM,Sat,South Carolina,41,,Furman,10,SEC Network,,
483,8,Oct 18 2014,12:00 PM,Sat,South Florida,38,@,Tulsa,30,ESPNews,,
484,8,Oct 18 2014,6:00 PM,Sat,(22) Southern California,56,,Colorado,28,Pac-12 Network,,
485,8,Oct 18 2014,7:00 PM,Sat,Southern Mississippi,30,@,North Texas,20,Sinclair,,
486,8,Oct 18 2014,12:00 PM,Sat,Syracuse,30,@,Wake Forest,7,RSN YES FSN-S PT DET+,,
487,8,Oct 18 2014,8:00 PM,Sat,Texas,48,,Iowa State,45,Longhorn Network,,
488,8,Oct 18 2014,4:00 PM,Sat,(12) Texas Christian,42,,(15) Oklahoma State,9,FS1,,
489,8,Oct 18 2014,3:30 PM,Sat,Texas Tech,34,,Kansas,21,FSN-FL N WI SportSouth,,
490,8,Oct 18 2014,3:30 PM,Sat,UCLA,36,@,California,34,ABC (ESPN 2 mirror),,
491,8,Oct 18 2014,12:00 PM,Sat,West Virginia,41,,(4) Baylor,27,FS1,,
492,8,Oct 18 2014,2:00 PM,Sat,Western Michigan,26,@,Bowling Green State,14,ESPN3.com,,
Rk,Wk,Date,Time,Day,Winner/Tie,Pts,,Loser/Tie,Pts,TV,Notes,
493,9,Oct 21 2014,8:00 PM,Tue,Arkansas State,,@,Louisiana-Lafayette,,ESPN 2,,
494,9,Oct 23 2014,7:00 PM,Thu,Connecticut,,@,(18) East Carolina,,ESPN U,,
495,9,Oct 23 2014,8:00 PM,Thu,Miami (FL),,@,Virginia Tech,,ESPN,,Game Tickets
496,9,Oct 24 2014,9:00 PM,Fri,Brigham Young,,@,Boise State,,ESPN,,Game Tickets
497,9,Oct 24 2014,10:00 PM,Fri,(9) Oregon,,,California,,FS1,Levi`s Stadium - Santa Clara CA,Game Tickets
498,9,Oct 24 2014,7:00 PM,Fri,South Florida,,,Cincinnati,,ESPN 2,Paul Brown Stadium - Cincinnati OH,Game Tickets
499,9,Oct 24 2014,7:30 PM,Fri,Troy,,@,South Alabama,,ESPN U,,
500,9,Oct 25 2014,2:00 PM,Sat,Akron,,@,Ball State,,,,
501,9,Oct 25 2014,7:05 PM,Sat,(7) Alabama,,@,Tennessee,,ESPN ESPN 2 or SEC Net,,Game Tickets
502,9,Oct 25 2014,12:00 PM,Sat,Alabama-Birmingham,,@,Arkansas,,SEC Network,,Game Tickets
503,9,Oct 25 2014,6:00 PM,Sat,(16) Arizona,,@,Washington State,,Pac-12 Network,,Game Tickets
504,9,Oct 25 2014,10:45 PM,Sat,(17) Arizona State,,@,Washington,,ESPN,,Game Tickets
505,9,Oct 25 2014,3:30 PM,Sat,Boston College,,@,Wake Forest,,RSN,,Game Tickets
506,9,Oct 25 2014,3:30 PM,Sat,Central Michigan,,@,Buffalo,,ESPN3.com,,Game Tickets
507,9,Oct 25 2014,3:30 PM,Sat,Florida Atlantic,,@,(25) Marshall,,FS1,,Game Tickets
508,9,Oct 25 2014,2:00 PM,Sat,Georgia Southern,,@,Georgia State,,ESPN3.com,,
509,9,Oct 25 2014,3:30 PM,Sat,Georgia Tech,,@,Pittsburgh,,ABC ESPN or ESPN 2,,Game Tickets
510,9,Oct 25 2014,2:30 PM,Sat,Kent State,,@,Miami (OH),,,,Game Tickets
511,9,Oct 25 2014,3:30 PM,Sat,Louisiana Tech,,@,Southern Mississippi,,American Sports Network,,
512,9,Oct 25 2014,12:00 PM,Sat,Maryland,,@,Wisconsin,,ABC ESPN or BTN,,Game Tickets
513,9,Oct 25 2014,2:00 PM,Sat,Massachusetts,,@,Toledo,,,,
514,9,Oct 25 2014,12:00 PM,Sat,Memphis,,@,Southern Methodist,,ESPNews,,
515,9,Oct 25 2014,3:30 PM,Sat,Michigan,,@,(8) Michigan State,,ABC,,Game Tickets
516,9,Oct 25 2014,12:00 PM,Sat,Minnesota,,@,Illinois,,ESPN ESPN 2 ABC or BTN,,Game Tickets
517,9,Oct 25 2014,7:05 PM,Sat,(3) Mississippi,,@,Louisiana State,,ESPN ESPN 2 or SEC Net,,Game Tickets
518,9,Oct 25 2014,3:30 PM,Sat,(1) Mississippi State,,@,Kentucky,,CBS,,Game Tickets
519,9,Oct 25 2014,11:59 PM,Sat,Nevada,,@,Hawaii,,Oceanic Pay-Per-View,,
520,9,Oct 25 2014,4:00 PM,Sat,Nevada-Las Vegas,,@,Utah State,,ESPNews,,
521,9,Oct 25 2014,12:30 PM,Sat,North Carolina,,@,Virginia,,ACC Network,,Game Tickets
522,9,Oct 25 2014,12:00 PM,Sat,North Texas,,@,Rice,,FSN,,Game Tickets
523,9,Oct 25 2014,1:00 PM,Sat,Northern Illinois,,@,Eastern Michigan,,ESPN3.com,,
524,9,Oct 25 2014,2:00 PM,Sat,Ohio,,@,Western Michigan,,,,
525,9,Oct 25 2014,8:00 PM,Sat,(13) Ohio State,,@,Penn State,,ABC ESPN or ESPN 2,,Game Tickets
526,9,Oct 25 2014,4:00 PM,Sat,Old Dominion,,@,Western Kentucky,,CUSA Digital,,
527,9,Oct 25 2014,3:30 PM,Sat,Oregon State,,@,(23) Stanford,,,,Game Tickets
528,9,Oct 25 2014,12:00 PM,Sat,Rutgers,,@,(19) Nebraska,,ESPN ESPN 2 or ESPN U,,Game Tickets
529,9,Oct 25 2014,1:00 PM,Sat,San Jose State,,@,Navy,,CBSSN,,Game Tickets
530,9,Oct 25 2014,7:05 PM,Sat,South Carolina,,@,(6) Auburn,,ESPN ESPN 2 or SEC Net,,Game Tickets
531,9,Oct 25 2014,10:00 PM,Sat,(22) Southern California,,@,(20) Utah,,FS1,,Game Tickets
532,9,Oct 25 2014,7:00 PM,Sat,Syracuse,,@,(24) Clemson,,ESPN U,,Game Tickets
533,9,Oct 25 2014,5:00 PM,Sat,Temple,,@,Central Florida,,CBSSN,,Game Tickets
534,9,Oct 25 2014,12:00 PM,Sat,Texas,,@,(14) Kansas State,,ESPN ESPN 2 or ESPN U,,Game Tickets
535,9,Oct 25 2014,7:00 PM,Sat,Texas State,,@,Louisiana-Monroe,,,,
536,9,Oct 25 2014,3:30 PM,Sat,Texas Tech,,@,(12) Texas Christian,,FOX,,Game Tickets
537,9,Oct 25 2014,7:00 PM,Sat,Texas-El Paso,,@,Texas-San Antonio,,Sinclair ASN,,
538,9,Oct 25 2014,2:00 PM,Sat,UCLA,,@,Colorado,,Pac-12 Network,,Game Tickets
539,9,Oct 25 2014,4:00 PM,Sat,Vanderbilt,,@,Missouri,,SEC Network,,Game Tickets
540,9,Oct 25 2014,3:30 PM,Sat,West Virginia,,@,(15) Oklahoma State,,ABC ESPN or ESPN 2,,Game Tickets
541,9,Oct 25 2014,7:00 PM,Sat,Wyoming,,@,Colorado State,,ROOT Sports,,Game Tickets
Rk,Wk,Date,Time,Day,Winner/Tie,Pts,,Loser/Tie,Pts,TV,Notes,
542,10,Oct 30 2014,7:30 PM,Thu,(2) Florida State,,@,Louisville,,ESPN,,Game Tickets
543,10,Oct 30 2014,7:30 PM,Thu,Troy,,@,Georgia Southern,,ESPN U,,
544,10,Oct 31 2014,8:00 PM,Fri,Cincinnati,,@,Tulane,,ESPN 2 or ESPN U,,Game Tickets
545,10,Oct 31 2014,8:00 PM,Fri,Tulsa,,@,Memphis,,ESPN or ESPN U,,Game Tickets
546,10,Nov 1 2014,11:30 AM,Sat,Air Force,,@,Army,,CBS,,Game Tickets
547,10,Nov 1 2014,7:00 PM,Sat,Alabama-Birmingham,,@,Florida Atlantic,,Sinclair,,Game Tickets
548,10,Nov 1 2014,7:05 PM,Sat,(16) Arizona,,@,UCLA,,,,Game Tickets
549,10,Nov 1 2014,7:05 PM,Sat,Arkansas,,@,(1) Mississippi State,,,,Game Tickets
550,10,Nov 1 2014,5:00 PM,Sat,Arkansas State,,@,Idaho,,,,Game Tickets
551,10,Nov 1 2014,7:05 PM,Sat,(6) Auburn,,@,(3) Mississippi,,,,Game Tickets
552,10,Nov 1 2014,7:05 PM,Sat,Boston College,,@,Virginia Tech,,,,Game Tickets
553,10,Nov 1 2014,3:30 PM,Sat,Brigham Young,,@,Middle Tennessee State,,CBSSN,,
554,10,Nov 1 2014,7:05 PM,Sat,California,,@,Oregon State,,,,Game Tickets
555,10,Nov 1 2014,7:05 PM,Sat,Central Florida,,@,Connecticut,,,,
556,10,Nov 1 2014,7:05 PM,Sat,Central Michigan,,@,Eastern Michigan,,,,Game Tickets
557,10,Nov 1 2014,7:00 PM,Sat,Colorado State,,@,San Jose State,,CBSSN,,Game Tickets
558,10,Nov 1 2014,7:05 PM,Sat,Duke,,@,Pittsburgh,,,,Game Tickets
559,10,Nov 1 2014,7:05 PM,Sat,(18) East Carolina,,@,Temple,,,,Game Tickets
560,10,Nov 1 2014,3:30 PM,Sat,Florida,,,(10) Georgia,,CBS,EverBank Field - Jacksonville FL,
561,10,Nov 1 2014,7:05 PM,Sat,Georgia State,,@,Appalachian State,,,,Game Tickets
562,10,Nov 1 2014,7:05 PM,Sat,Houston,,@,South Florida,,,,Game Tickets
563,10,Nov 1 2014,8:00 PM,Sat,Illinois,,@,(13) Ohio State,,ABC ESPN or ESPN2,,Game Tickets
564,10,Nov 1 2014,3:30 PM,Sat,Indiana,,@,Michigan,,,,Game Tickets
565,10,Nov 1 2014,7:05 PM,Sat,Kansas,,@,(4) Baylor,,,,Game Tickets
566,10,Nov 1 2014,7:05 PM,Sat,Kentucky,,@,Missouri,,,,Game Tickets
567,10,Nov 1 2014,7:05 PM,Sat,Louisiana-Monroe,,@,(21) Texas A&M,,,,
568,10,Nov 1 2014,7:05 PM,Sat,Maryland,,@,Penn State,,,,Game Tickets
569,10,Nov 1 2014,8:00 PM,Sat,Navy,,,(5) Notre Dame,,CBS,FedEx Field - Landover MD,
570,10,Nov 1 2014,5:30 PM,Sat,New Mexico,,@,Nevada-Las Vegas,,ROOT Sports,,Game Tickets
571,10,Nov 1 2014,7:05 PM,Sat,North Carolina,,@,Miami (FL),,,,Game Tickets
572,10,Nov 1 2014,7:05 PM,Sat,North Carolina State,,@,Syracuse,,,,Game Tickets
573,10,Nov 1 2014,7:05 PM,Sat,Northwestern,,@,Iowa,,,,Game Tickets
574,10,Nov 1 2014,7:05 PM,Sat,(11) Oklahoma,,@,Iowa State,,,,Game Tickets
575,10,Nov 1 2014,7:05 PM,Sat,(15) Oklahoma State,,@,(14) Kansas State,,,,Game Tickets
576,10,Nov 1 2014,7:05 PM,Sat,Old Dominion,,@,Vanderbilt,,,,Game Tickets
577,10,Nov 1 2014,7:05 PM,Sat,Purdue,,@,(19) Nebraska,,,,Game Tickets
578,10,Nov 1 2014,12:00 PM,Sat,Rice,,@,Florida International,,American Sports Network,,Game Tickets
579,10,Nov 1 2014,10:30 PM,Sat,San Diego State,,@,Nevada,,CBSSN,,Game Tickets
580,10,Nov 1 2014,7:05 PM,Sat,South Alabama,,@,Louisiana-Lafayette,,,,
581,10,Nov 1 2014,7:05 PM,Sat,(22) Southern California,,@,Washington State,,,,Game Tickets
582,10,Nov 1 2014,8:00 PM,Sat,Southern Mississippi,,@,Texas-El Paso,,FCS,,
583,10,Nov 1 2014,7:05 PM,Sat,(23) Stanford,,@,(9) Oregon,,,,Game Tickets
584,10,Nov 1 2014,7:05 PM,Sat,Tennessee,,@,South Carolina,,,,Game Tickets
585,10,Nov 1 2014,7:05 PM,Sat,Texas,,@,Texas Tech,,,,Game Tickets
586,10,Nov 1 2014,7:05 PM,Sat,(12) Texas Christian,,@,West Virginia,,,,Game Tickets
587,10,Nov 1 2014,8:00 PM,Sat,Texas State,,@,New Mexico State,,,,
588,10,Nov 1 2014,7:05 PM,Sat,(20) Utah,,@,(17) Arizona State,,,,Game Tickets
589,10,Nov 1 2014,11:00 PM,Sat,Utah State,,@,Hawaii,,,,Game Tickets
590,10,Nov 1 2014,7:05 PM,Sat,Virginia,,@,Georgia Tech,,,,Game Tickets
591,10,Nov 1 2014,7:05 PM,Sat,Washington,,@,Colorado,,,,Game Tickets
592,10,Nov 1 2014,7:05 PM,Sat,Western Kentucky,,@,Louisiana Tech,,FS1 or FSN,,
593,10,Nov 1 2014,7:05 PM,Sat,Western Michigan,,@,Miami (OH),,,,
594,10,Nov 1 2014,12:00 PM,Sat,Wisconsin,,@,Rutgers,,,,Game Tickets
595,10,Nov 1 2014,7:05 PM,Sat,Wyoming,,@,Fresno State,,ESPN Networks,,Game Tickets
Rk,Wk,Date,Time,Day,Winner/Tie,Pts,,Loser/Tie,Pts,TV,Notes,
596,11,Nov 4 2014,8:00 PM,Tue,Bowling Green State,,@,Akron,,ESPN 2 or ESPN U,,
597,11,Nov 4 2014,8:00 PM,Tue,Toledo,,@,Kent State,,ESPN 2 or ESPN U,,
598,11,Nov 5 2014,8:00 PM,Wed,Buffalo,,@,Ohio,,ESPN 2 or ESPN U,,Game Tickets
599,11,Nov 5 2014,8:00 PM,Wed,Northern Illinois,,@,Ball State,,ESPN 2 or ESPN U,,
600,11,Nov 6 2014,7:30 PM,Thu,(24) Clemson,,@,Wake Forest,,ESPN,,Game Tickets
601,11,Nov 7 2014,7:30 PM,Fri,Memphis,,@,Temple,,ESPN U,,Game Tickets
602,11,Nov 7 2014,8:00 PM,Fri,Utah State,,@,Wyoming,,ESPN 2,,Game Tickets
603,11,Nov 8 2014,4:00 PM,Sat,Air Force,,@,Nevada-Las Vegas,,Mountain West Network,,Game Tickets
604,11,Nov 8 2014,7:05 PM,Sat,(7) Alabama,,@,Louisiana State,,,,Game Tickets
605,11,Nov 8 2014,7:05 PM,Sat,(4) Baylor,,@,(11) Oklahoma,,,,Game Tickets
606,11,Nov 8 2014,7:00 PM,Sat,Boise State,,@,New Mexico,,CBSSN,,Game Tickets
607,11,Nov 8 2014,7:05 PM,Sat,Colorado,,@,(16) Arizona,,,,Game Tickets
608,11,Nov 8 2014,3:30 PM,Sat,Connecticut,,,Army,,CBSSN,Yankee Stadium - Bronx NY,
609,11,Nov 8 2014,7:05 PM,Sat,Duke,,@,Syracuse,,,,Game Tickets
610,11,Nov 8 2014,7:05 PM,Sat,Florida,,@,Vanderbilt,,,,Game Tickets
611,11,Nov 8 2014,7:00 PM,Sat,Florida Atlantic,,@,North Texas,,FCS,,
612,11,Nov 8 2014,3:30 PM,Sat,Florida International,,@,Old Dominion,,American Sports Network,,Game Tickets
613,11,Nov 8 2014,7:05 PM,Sat,(10) Georgia,,@,Kentucky,,,,Game Tickets
614,11,Nov 8 2014,7:05 PM,Sat,Georgia Southern,,@,Texas State,,,,
615,11,Nov 8 2014,3:00 PM,Sat,Georgia State,,@,Troy,,,,
616,11,Nov 8 2014,7:05 PM,Sat,Georgia Tech,,@,North Carolina State,,,,Game Tickets
617,11,Nov 8 2014,7:05 PM,Sat,Hawaii,,@,Colorado State,,ESPN Networks,,Game Tickets
618,11,Nov 8 2014,6:30 PM,Sat,Idaho,,@,San Diego State,,ROOT Sports,,Game Tickets
619,11,Nov 8 2014,7:05 PM,Sat,Iowa,,@,Minnesota,,,,Game Tickets
620,11,Nov 8 2014,7:05 PM,Sat,Iowa State,,@,Kansas,,,,Game Tickets
621,11,Nov 8 2014,7:05 PM,Sat,(14) Kansas State,,@,(12) Texas Christian,,,,Game Tickets
622,11,Nov 8 2014,12:00 PM,Sat,Louisiana Tech,,@,Alabama-Birmingham,,American Sports Network,,Game Tickets
623,11,Nov 8 2014,8:00 PM,Sat,Louisiana-Lafayette,,@,New Mexico State,,,,
624,11,Nov 8 2014,7:05 PM,Sat,Louisiana-Monroe,,@,Appalachian State,,,,
625,11,Nov 8 2014,7:05 PM,Sat,Louisville,,@,Boston College,,,,Game Tickets
626,11,Nov 8 2014,7:00 PM,Sat,(25) Marshall,,@,Southern Mississippi,,Sinclair,,Game Tickets
627,11,Nov 8 2014,7:05 PM,Sat,Michigan,,@,Northwestern,,,,Game Tickets
628,11,Nov 8 2014,7:05 PM,Sat,(5) Notre Dame,,@,(17) Arizona State,,,,Game Tickets
629,11,Nov 8 2014,8:00 PM,Sat,(13) Ohio State,,@,(8) Michigan State,,ABC,,Game Tickets
630,11,Nov 8 2014,7:05 PM,Sat,(9) Oregon,,@,(20) Utah,,,,Game Tickets
631,11,Nov 8 2014,7:05 PM,Sat,Penn State,,@,Indiana,,,,Game Tickets
632,11,Nov 8 2014,7:05 PM,Sat,Presbyterian,,@,(3) Mississippi,,,,Game Tickets
633,11,Nov 8 2014,10:30 PM,Sat,San Jose State,,@,Fresno State,,CBSSN,,Game Tickets
634,11,Nov 8 2014,3:00 PM,Sat,South Alabama,,@,Arkansas State,,,,
635,11,Nov 8 2014,7:05 PM,Sat,Southern Methodist,,@,Tulsa,,,,
636,11,Nov 8 2014,7:05 PM,Sat,Tennessee-Martin,,@,(1) Mississippi State,,,,Game Tickets
637,11,Nov 8 2014,7:05 PM,Sat,(21) Texas A&M,,@,(6) Auburn,,,,Game Tickets
638,11,Nov 8 2014,4:00 PM,Sat,Texas-El Paso,,@,Western Kentucky,,,,
639,11,Nov 8 2014,7:05 PM,Sat,Texas-San Antonio,,@,Rice,,FS1 or FSN,,
640,11,Nov 8 2014,7:05 PM,Sat,Tulane,,@,Houston,,,,Game Tickets
641,11,Nov 8 2014,7:05 PM,Sat,UCLA,,@,Washington,,,,Game Tickets
642,11,Nov 8 2014,7:05 PM,Sat,Virginia,,@,(2) Florida State,,,,Game Tickets
643,11,Nov 8 2014,7:05 PM,Sat,Washington State,,@,Oregon State,,,,Game Tickets
644,11,Nov 8 2014,7:05 PM,Sat,West Virginia,,@,Texas,,,,Game Tickets
645,11,Nov 8 2014,7:05 PM,Sat,Wisconsin,,@,Purdue,,,,Game Tickets
Rk,Wk,Date,Time,Day,Winner/Tie,Pts,,Loser/Tie,Pts,TV,Notes,
646,12,Nov 11 2014,8:00 PM,Tue,Akron,,@,Buffalo,,ESPN 2 or ESPN U,,Game Tickets
647,12,Nov 11 2014,8:00 PM,Tue,Toledo,,@,Northern Illinois,,ESPN 2 or ESPN U,,
648,12,Nov 12 2014,8:00 PM,Wed,Ball State,,@,Massachusetts,,ESPN 2 or ESPN U,,
649,12,Nov 12 2014,8:00 PM,Wed,Kent State,,@,Bowling Green State,,ESPN 2 or ESPN U,,
650,12,Nov 13 2014,9:00 PM,Thu,California,,@,(22) Southern California,,ESPN,,Game Tickets
651,12,Nov 13 2014,7:00 PM,Thu,(18) East Carolina,,,Cincinnati,,ESPN 2,Paul Brown Stadium - Cincinnati OH,Game Tickets
652,12,Nov 13 2014,8:00 PM,Thu,Southern Mississippi,,@,Texas-San Antonio,,CBSSN,,
653,12,Nov 14 2014,8:00 PM,Fri,Tulsa,,@,Central Florida,,ESPN 2,,Game Tickets
654,12,Nov 15 2014,3:00 PM,Sat,Appalachian State,,@,Arkansas State,,,,
655,12,Nov 15 2014,7:05 PM,Sat,(17) Arizona State,,@,Oregon State,,,,Game Tickets
656,12,Nov 15 2014,12:00 PM,Sat,Army,,@,Western Kentucky,,CBSSN,,
657,12,Nov 15 2014,7:05 PM,Sat,(6) Auburn,,@,(10) Georgia,,,,Game Tickets
658,12,Nov 15 2014,7:05 PM,Sat,(24) Clemson,,@,Georgia Tech,,,,Game Tickets
659,12,Nov 15 2014,7:05 PM,Sat,Eastern Michigan,,@,Western Michigan,,,,
660,12,Nov 15 2014,7:05 PM,Sat,(2) Florida State,,@,Miami (FL),,,,Game Tickets
661,12,Nov 15 2014,3:30 PM,Sat,Georgia Southern,,@,Navy,,CBSSN,,Game Tickets
662,12,Nov 15 2014,4:30 PM,Sat,Hawaii,,@,San Jose State,,,,Game Tickets
663,12,Nov 15 2014,7:05 PM,Sat,Indiana,,@,Rutgers,,,,Game Tickets
664,12,Nov 15 2014,7:05 PM,Sat,Iowa,,@,Illinois,,,,Game Tickets
665,12,Nov 15 2014,7:05 PM,Sat,Kentucky,,@,Tennessee,,,,Game Tickets
666,12,Nov 15 2014,7:05 PM,Sat,Louisiana State,,@,Arkansas,,,,Game Tickets
667,12,Nov 15 2014,7:00 PM,Sat,Louisiana-Lafayette,,@,Louisiana-Monroe,,,,
668,12,Nov 15 2014,7:05 PM,Sat,Memphis,,@,Tulane,,,,Game Tickets
669,12,Nov 15 2014,7:05 PM,Sat,Miami (OH),,@,Central Michigan,,,,Game Tickets
670,12,Nov 15 2014,8:00 PM,Sat,(8) Michigan State,,@,Maryland,,Big Ten Network,,Game Tickets
671,12,Nov 15 2014,3:30 PM,Sat,Middle Tennessee State,,@,Florida International,,American Sports Network,,
672,12,Nov 15 2014,7:05 PM,Sat,(1) Mississippi State,,@,(7) Alabama,,,,Game Tickets
673,12,Nov 15 2014,7:05 PM,Sat,Missouri,,@,(21) Texas A&M,,,,Game Tickets
674,12,Nov 15 2014,7:05 PM,Sat,(19) Nebraska,,@,Wisconsin,,,,Game Tickets
675,12,Nov 15 2014,2:00 PM,Sat,Nevada,,@,Air Force,,ROOT Sports,,
676,12,Nov 15 2014,7:05 PM,Sat,Nevada-Las Vegas,,@,Brigham Young,,,,Game Tickets
677,12,Nov 15 2014,7:05 PM,Sat,New Mexico,,@,Utah State,,ESPN Networks,,Game Tickets
678,12,Nov 15 2014,7:05 PM,Sat,North Texas,,@,Texas-El Paso,,FS1 or FSN,,
679,12,Nov 15 2014,3:30 PM,Sat,Northwestern,,@,(5) Notre Dame,,NBC,,Game Tickets
680,12,Nov 15 2014,7:05 PM,Sat,(13) Ohio State,,@,Minnesota,,,,Game Tickets
681,12,Nov 15 2014,7:05 PM,Sat,(11) Oklahoma,,@,Texas Tech,,,,Game Tickets
682,12,Nov 15 2014,7:05 PM,Sat,Pittsburgh,,@,North Carolina,,,,Game Tickets
683,12,Nov 15 2014,7:05 PM,Sat,Rice,,@,(25) Marshall,,FS1 or FSN,,Game Tickets
684,12,Nov 15 2014,7:05 PM,Sat,San Diego State,,@,Boise State,,ESPN Networks,,Game Tickets
685,12,Nov 15 2014,7:05 PM,Sat,South Carolina,,@,Florida,,,,Game Tickets
686,12,Nov 15 2014,7:05 PM,Sat,South Florida,,@,Southern Methodist,,,,
687,12,Nov 15 2014,7:05 PM,Sat,Temple,,@,Penn State,,,,Game Tickets
688,12,Nov 15 2014,7:05 PM,Sat,Texas,,@,(15) Oklahoma State,,,,Game Tickets
689,12,Nov 15 2014,7:05 PM,Sat,(12) Texas Christian,,@,Kansas,,,,Game Tickets
690,12,Nov 15 2014,7:05 PM,Sat,Texas State,,@,South Alabama,,,,
691,12,Nov 15 2014,5:00 PM,Sat,Troy,,@,Idaho,,,,Game Tickets
692,12,Nov 15 2014,7:05 PM,Sat,(20) Utah,,@,(23) Stanford,,,,Game Tickets
693,12,Nov 15 2014,7:05 PM,Sat,Virginia Tech,,@,Duke,,,,Game Tickets
694,12,Nov 15 2014,7:05 PM,Sat,Wake Forest,,@,North Carolina State,,,,Game Tickets
695,12,Nov 15 2014,7:05 PM,Sat,Washington,,@,(16) Arizona,,,,Game Tickets
Rk,Wk,Date,Time,Day,Winner/Tie,Pts,,Loser/Tie,Pts,TV,Notes,
696,13,Nov 18 2014,8:00 PM,Tue,Massachusetts,,@,Akron,,ESPN3.com,,
697,13,Nov 18 2014,8:00 PM,Tue,Northern Illinois,,@,Ohio,,ESPN U or ESPN3.com,,
698,13,Nov 19 2014,8:00 PM,Wed,Bowling Green State,,@,Toledo,,ESPN 2 or ESPN U,,
699,13,Nov 19 2014,8:00 PM,Wed,Kent State,,@,Buffalo,,ESPN 2 or ESPN U,,Game Tickets
700,13,Nov 20 2014,9:30 PM,Thu,Arkansas State,,@,Texas State,,ESPN U,,Game Tickets
701,13,Nov 20 2014,7:00 PM,Thu,(14) Kansas State,,@,West Virginia,,FS1,,Game Tickets
702,13,Nov 20 2014,7:30 PM,Thu,North Carolina,,@,Duke,,ESPN,,Game Tickets
703,13,Nov 21 2014,9:30 PM,Fri,Air Force,,@,San Diego State,,CBSSN,,Game Tickets
704,13,Nov 21 2014,9:30 PM,Fri,San Jose State,,@,Utah State,,ESPN 2,,
705,13,Nov 21 2014,8:00 PM,Fri,Texas-El Paso,,@,Rice,,FS1,,Game Tickets
706,13,Nov 22 2014,7:05 PM,Sat,Appalachian State,,@,Louisiana-Lafayette,,,,
707,13,Nov 22 2014,7:05 PM,Sat,(16) Arizona,,@,(20) Utah,,,,Game Tickets
708,13,Nov 22 2014,7:05 PM,Sat,Boise State,,@,Wyoming,,ESPN Networks,,Game Tickets
709,13,Nov 22 2014,7:05 PM,Sat,Boston College,,@,(2) Florida State,,,,Game Tickets
710,13,Nov 22 2014,7:05 PM,Sat,Charleston Southern,,@,(10) Georgia,,,,Game Tickets
711,13,Nov 22 2014,7:05 PM,Sat,Cincinnati,,@,Connecticut,,,,
712,13,Nov 22 2014,7:05 PM,Sat,Colorado,,@,(9) Oregon,,,,Game Tickets
713,13,Nov 22 2014,7:05 PM,Sat,Eastern Kentucky,,@,Florida,,,,Game Tickets
714,13,Nov 22 2014,7:05 PM,Sat,Eastern Michigan,,@,Ball State,,,,
715,13,Nov 22 2014,7:00 PM,Sat,Florida Atlantic,,@,Middle Tennessee State,,American Sports Network,,
716,13,Nov 22 2014,3:30 PM,Sat,Florida International,,@,North Texas,,American Sports Network,,
717,13,Nov 22 2014,12:00 PM,Sat,Fordham,,@,Army,,CBSSN,,Game Tickets
718,13,Nov 22 2014,7:05 PM,Sat,Fresno State,,@,Nevada,,ESPN Networks,,Game Tickets
719,13,Nov 22 2014,7:05 PM,Sat,Georgia State,,@,(24) Clemson,,,,Game Tickets
720,13,Nov 22 2014,7:05 PM,Sat,Indiana,,@,(13) Ohio State,,,,Game Tickets
721,13,Nov 22 2014,7:05 PM,Sat,Kansas,,@,(11) Oklahoma,,,,Game Tickets
722,13,Nov 22 2014,1:00 PM,Sat,Louisiana Tech,,@,Old Dominion,,FCS,,Game Tickets
723,13,Nov 22 2014,8:00 PM,Sat,Louisiana-Monroe,,@,New Mexico State,,,,
724,13,Nov 22 2014,3:30 PM,Sat,Louisville,,@,(5) Notre Dame,,NBC,,Game Tickets
725,13,Nov 22 2014,1:00 PM,Sat,(25) Marshall,,@,Alabama-Birmingham,,,,Game Tickets
726,13,Nov 22 2014,7:05 PM,Sat,Maryland,,@,Michigan,,,,Game Tickets
727,13,Nov 22 2014,7:05 PM,Sat,Miami (FL),,@,Virginia,,,,Game Tickets
728,13,Nov 22 2014,7:05 PM,Sat,Minnesota,,@,(19) Nebraska,,,,Game Tickets
729,13,Nov 22 2014,7:05 PM,Sat,(3) Mississippi,,@,Arkansas,,,,Game Tickets
730,13,Nov 22 2014,7:05 PM,Sat,Missouri,,@,Tennessee,,,,Game Tickets
731,13,Nov 22 2014,11:00 PM,Sat,Nevada-Las Vegas,,@,Hawaii,,Mountain West Network,,Game Tickets
732,13,Nov 22 2014,1:30 PM,Sat,New Mexico,,@,Colorado State,,ROOT Sports,,Game Tickets
733,13,Nov 22 2014,7:05 PM,Sat,Northwestern,,@,Purdue,,,,Game Tickets
734,13,Nov 22 2014,7:05 PM,Sat,(15) Oklahoma State,,@,(4) Baylor,,,,Game Tickets
735,13,Nov 22 2014,7:05 PM,Sat,Oregon State,,@,Washington,,,,Game Tickets
736,13,Nov 22 2014,7:05 PM,Sat,Penn State,,@,Illinois,,,,Game Tickets
737,13,Nov 22 2014,7:05 PM,Sat,Rutgers,,@,(8) Michigan State,,,,Game Tickets
738,13,Nov 22 2014,7:05 PM,Sat,Samford,,@,(6) Auburn,,,,Game Tickets
739,13,Nov 22 2014,3:00 PM,Sat,Savannah State,,@,Brigham Young,,BYUtv,,Game Tickets
740,13,Nov 22 2014,7:05 PM,Sat,South Alabama,,@,South Carolina,,,,
741,13,Nov 22 2014,7:05 PM,Sat,South Florida,,@,Memphis,,,,Game Tickets
742,13,Nov 22 2014,7:05 PM,Sat,(22) Southern California,,@,UCLA,,,,Game Tickets
743,13,Nov 22 2014,7:05 PM,Sat,Southern Methodist,,@,Central Florida,,,,Game Tickets
744,13,Nov 22 2014,7:05 PM,Sat,(23) Stanford,,@,California,,,,Game Tickets
745,13,Nov 22 2014,7:05 PM,Sat,Syracuse,,@,Pittsburgh,,,,Game Tickets
746,13,Nov 22 2014,7:05 PM,Sat,Texas Tech,,@,Iowa State,,,,Game Tickets
747,13,Nov 22 2014,2:00 PM,Sat,Texas-San Antonio,,@,Western Kentucky,,,,
748,13,Nov 22 2014,7:05 PM,Sat,Tulane,,@,(18) East Carolina,,,,Game Tickets
749,13,Nov 22 2014,7:05 PM,Sat,Tulsa,,@,Houston,,,,Game Tickets
750,13,Nov 22 2014,7:05 PM,Sat,Vanderbilt,,@,(1) Mississippi State,,,,Game Tickets
751,13,Nov 22 2014,7:05 PM,Sat,Virginia Tech,,@,Wake Forest,,,,Game Tickets
752,13,Nov 22 2014,7:05 PM,Sat,Washington State,,@,(17) Arizona State,,,,Game Tickets
753,13,Nov 22 2014,7:05 PM,Sat,Western Carolina,,@,(7) Alabama,,,,
754,13,Nov 22 2014,7:05 PM,Sat,Western Michigan,,@,Central Michigan,,,,
755,13,Nov 22 2014,7:05 PM,Sat,Wisconsin,,@,Iowa,,,,Game Tickets
Rk,Wk,Date,Time,Day,Winner/Tie,Pts,,Loser/Tie,Pts,TV,Notes,
756,14,Nov 25 2014,7:00 PM,Tue,Akron,,@,Kent State,,ESPN 2 or ESPN3.com,,
757,14,Nov 25 2014,7:00 PM,Tue,Ohio,,@,Miami (OH),,ESPN 2 or ESPN3.com,,Game Tickets
758,14,Nov 27 2014,7:30 PM,Thu,Louisiana State,,@,(21) Texas A&M,,ESPN,,Game Tickets
759,14,Nov 27 2014,7:30 PM,Thu,(12) Texas Christian,,@,Texas,,FS1,,Game Tickets
760,14,Nov 28 2014,3:30 PM,Fri,(17) Arizona State,,@,(16) Arizona,,FOX,,Game Tickets
761,14,Nov 28 2014,2:30 PM,Fri,Arkansas,,@,Missouri,,CBS,,Game Tickets
762,14,Nov 28 2014,7:05 PM,Fri,Ball State,,@,Bowling Green State,,ESPN U or ESPN3.com,,
763,14,Nov 28 2014,7:05 PM,Fri,Buffalo,,@,Massachusetts,,ESPN U or ESPN3.com,,
764,14,Nov 28 2014,7:05 PM,Fri,Central Florida,,@,South Florida,,,,Game Tickets
765,14,Nov 28 2014,3:30 PM,Fri,Colorado State,,@,Air Force,,CBSSN,,Game Tickets
766,14,Nov 28 2014,7:05 PM,Fri,(18) East Carolina,,@,Tulsa,,,,Game Tickets
767,14,Nov 28 2014,7:05 PM,Fri,Houston,,@,Southern Methodist,,,,
768,14,Nov 28 2014,7:05 PM,Fri,Navy,,@,South Alabama,,ESPN3.com,,
769,14,Nov 28 2014,7:05 PM,Fri,Northern Illinois,,@,Western Michigan,,ESPN U or ESPN3.com,,
770,14,Nov 28 2014,3:30 PM,Fri,(23) Stanford,,@,UCLA,,ABC,,Game Tickets
771,14,Nov 28 2014,7:05 PM,Fri,Toledo,,@,Eastern Michigan,,ESPN U or ESPN3.com,,
772,14,Nov 28 2014,7:05 PM,Fri,Virginia,,@,Virginia Tech,,,,Game Tickets
773,14,Nov 28 2014,12:00 PM,Fri,Western Kentucky,,@,(25) Marshall,,FS1,,
774,14,Nov 29 2014,3:30 PM,Sat,Alabama-Birmingham,,@,Southern Mississippi,,American Sports Network,,Game Tickets
775,14,Nov 29 2014,7:05 PM,Sat,(6) Auburn,,@,(7) Alabama,,,,Game Tickets
776,14,Nov 29 2014,7:05 PM,Sat,Brigham Young,,@,California,,,,Game Tickets
777,14,Nov 29 2014,7:05 PM,Sat,Cincinnati,,@,Temple,,,,Game Tickets
778,14,Nov 29 2014,7:05 PM,Sat,Connecticut,,@,Memphis,,,,
779,14,Nov 29 2014,7:05 PM,Sat,Florida,,@,(2) Florida State,,,,Game Tickets
780,14,Nov 29 2014,7:05 PM,Sat,Georgia Tech,,@,(10) Georgia,,,,Game Tickets
781,14,Nov 29 2014,7:00 PM,Sat,Hawaii,,@,Fresno State,,,,Game Tickets
782,14,Nov 29 2014,7:05 PM,Sat,Idaho,,@,Appalachian State,,,,
783,14,Nov 29 2014,7:05 PM,Sat,Illinois,,@,Northwestern,,,,Game Tickets
784,14,Nov 29 2014,7:05 PM,Sat,Kansas,,@,(14) Kansas State,,,,Game Tickets
785,14,Nov 29 2014,7:05 PM,Sat,Kentucky,,@,Louisville,,,,Game Tickets
786,14,Nov 29 2014,7:30 PM,Sat,Louisiana-Lafayette,,@,Troy,,,,
787,14,Nov 29 2014,6:00 PM,Sat,Louisiana-Monroe,,@,Georgia Southern,,,,
788,14,Nov 29 2014,7:05 PM,Sat,Michigan,,@,(13) Ohio State,,,,Game Tickets
789,14,Nov 29 2014,7:05 PM,Sat,(8) Michigan State,,@,Penn State,,,,Game Tickets
790,14,Nov 29 2014,7:00 PM,Sat,Middle Tennessee State,,@,Texas-El Paso,,American Sports Network,,
791,14,Nov 29 2014,7:05 PM,Sat,Minnesota,,@,Wisconsin,,,,Game Tickets
792,14,Nov 29 2014,7:05 PM,Sat,(1) Mississippi State,,@,(3) Mississippi,,,,Game Tickets
793,14,Nov 29 2014,7:05 PM,Sat,(19) Nebraska,,@,Iowa,,,,
794,14,Nov 29 2014,7:05 PM,Sat,Nevada,,@,Nevada-Las Vegas,,ESPN Networks,,
795,14,Nov 29 2014,3:00 PM,Sat,New Mexico State,,@,Arkansas State,,,,
796,14,Nov 29 2014,7:05 PM,Sat,North Carolina State,,@,North Carolina,,,,Game Tickets
797,14,Nov 29 2014,7:05 PM,Sat,North Texas,,@,Texas-San Antonio,,FS1 or FSN,,
798,14,Nov 29 2014,7:05 PM,Sat,(5) Notre Dame,,@,(22) Southern California,,,,Game Tickets
799,14,Nov 29 2014,12:00 PM,Sat,Old Dominion,,@,Florida Atlantic,,MyTVZ33,,
800,14,Nov 29 2014,7:05 PM,Sat,(9) Oregon,,@,Oregon State,,,,Game Tickets
801,14,Nov 29 2014,7:05 PM,Sat,Pittsburgh,,@,Miami (FL),,,,Game Tickets
802,14,Nov 29 2014,7:05 PM,Sat,Purdue,,@,Indiana,,,,Game Tickets
803,14,Nov 29 2014,12:00 PM,Sat,Rice,,@,Louisiana Tech,,CBSSN,,Game Tickets
804,14,Nov 29 2014,7:05 PM,Sat,Rutgers,,@,Maryland,,,,Game Tickets
805,14,Nov 29 2014,3:30 PM,Sat,San Jose State,,@,San Diego State,,CBSSN,,Game Tickets
806,14,Nov 29 2014,7:05 PM,Sat,South Carolina,,@,(24) Clemson,,,,Game Tickets
807,14,Nov 29 2014,7:05 PM,Sat,Syracuse,,@,Boston College,,,,Game Tickets
808,14,Nov 29 2014,7:05 PM,Sat,Tennessee,,@,Vanderbilt,,,,Game Tickets
809,14,Nov 29 2014,2:00 PM,Sat,Texas State,,@,Georgia State,,,,
810,14,Nov 29 2014,7:05 PM,Sat,Texas Tech,,,(4) Baylor,,,AT&T Stadium - Arlington TX,
811,14,Nov 29 2014,7:05 PM,Sat,(20) Utah,,@,Colorado,,,,Game Tickets
812,14,Nov 29 2014,7:05 PM,Sat,Utah State,,@,Boise State,,ESPN Networks,,Game Tickets
813,14,Nov 29 2014,7:05 PM,Sat,Wake Forest,,@,Duke,,,,Game Tickets
814,14,Nov 29 2014,7:05 PM,Sat,Washington,,@,Washington State,,,,Game Tickets
815,14,Nov 29 2014,7:05 PM,Sat,West Virginia,,@,Iowa State,,,,Game Tickets
816,14,Nov 29 2014,3:00 PM,Sat,Wyoming,,@,New Mexico,,ROOT Sports,,Game Tickets
Rk,Wk,Date,Time,Day,Winner/Tie,Pts,,Loser/Tie,Pts,TV,Notes,
817,15,Dec 4 2014,7:30 PM,Thu,Central Florida,,@,(18) East Carolina,,ESPN,,Game Tickets
818,15,Dec 6 2014,7:05 PM,Sat,Houston,,,Cincinnati,,,Paul Brown Stadium - Cincinnati OH,Game Tickets
819,15,Dec 6 2014,7:05 PM,Sat,Iowa State,,@,(12) Texas Christian,,,,Game Tickets
820,15,Dec 6 2014,7:05 PM,Sat,(14) Kansas State,,@,(4) Baylor,,,,Game Tickets
821,15,Dec 6 2014,7:05 PM,Sat,(15) Oklahoma State,,@,(11) Oklahoma,,,,Game Tickets
822,15,Dec 6 2014,7:05 PM,Sat,Southern Methodist,,@,Connecticut,,,,
823,15,Dec 6 2014,7:05 PM,Sat,Temple,,@,Tulane,,,,Game Tickets
Rk,Wk,Date,Time,Day,Winner/Tie,Pts,,Loser/Tie,Pts,TV,Notes,
824,16,Dec 13 2014,3:00 PM,Sat,Navy,,,Army,,CBS,M&T Bank Stadium - Baltimore MD,Game Tickets